Average,,51,68,,,"2,754","8,081",84.28,104.40,188.69,62.66,301.14%,25.40,,,,,,,,
300,Warner Bros.,60,90,Sacrifice,Action,3103,22844,210.61,245.45,456.07,65.00,701.64%,70.9,,,,,210614939,245453242,456068181,65000000
3:10 to Yuma,Lionsgate,88,85,sacrifice,Western,2652,5292,53.61,16.17,69.78,48.00,145.38%,14,,,,,53606916,16173815,69780731,48000000
30 Days of Night,Independent,50,57,Monster Force,Horror,2855,5587,39.57,35.53,75.10,32.00,234.67%,15.6,,,,,39568996,35526091,75095087,32000000
Across the Universe,Independent,54,84,Love,Romance,954,4009,24.34,5.02,29.37,45.00,65.26%,3.8,,,,,$24343673,5023470,$29367143,45000000
Alien vs. Predator -- Requiem,Fox,14,37,Monster Force,Horror,2611,3853,41.80,87.09,128.88,40.00,322.21%,10,,,,,41797066,87086650,128883716,40000000
Alvin and the Chipmunks,Fox,26,73,Comedy,Animation,3475,12750,217.33,143.14,360.47,70.00,514.95%,44.3,,,,,217326974,143138914,360465888,70000000
American Gangster,Universal,79,87,pursuit,Thriller,3054,14264,130.16,137.74,267.90,100.00,267.90%,43.6,,,,,130164645,137737769,267902414,100000000
Bee Movie,Paramount,52,57,Journey and Return,Animation,3928,9679,126.63,160.49,287.12,150.00,191.42%,38,,,,,126631277,160492289,287123566,150000000
Beowulf,Paramount,71,52,Journey and Return,Action,3153,8726,82.20,114.07,196.26,150.00,130.84%,27.5,,,,,82195215,114068876,196264091,150000000
Blades of Glory,Paramount,69,66,Rivalry,Comedy,3372,9790,118.59,27.11,145.71,61.00,238.87%,33,,,,,118594548,27114094,145708642,61000000
Charlie Wilson's War,Universal,82,73,Discovery,Biography,2575,3750,66.66,51.81,118.48,75.00,157.97%,9.6,,,,,66661095,51814126,118475221,75000000
Daddy Day Camp,Sony,1,63,Comedy,Comedy,2332,1459,13.24,4.96,18.20,6.00,303.29%,3.4,,,,,$13235267,4962131,$18197398,6000000
Disturbia,Paramount,67,75,Pursuit,Thriller,2925,7598,80.21,37.55,117.76,20.00,588.80%,22.2,,,,,80209692,37550442,117760134,20000000
Dragon Wars (aka D-War),Mediaplex,27,44,Monster Force,Action,2277,2213,10.98,63.27,74.25,75.00,99.00%,5,,,,,$10977721,63274132,$74251853,75000000
Enchanted,Disney,93,80,Love,Comedy,3730,9233,127.81,212.68,340.49,85.00,400.57%,34.4,,,,,127807262,212680390,340487652,85000000
Epic Movie,Independent,2,38,Comedy,Comedy,2801,6644,39.74,47.13,86.87,20.00,434.33%,18.6,,,,,39739367,47126197,86865564,20000000
Evan Almighty,Universal,23,56,Comedy,Comedy,3604,8654,100.46,72.93,173.39,175.00,99.08%,31.2,,,,,100462298,72929590,173391888,175000000
Fantastic Four: Rise of the Silver Surfer,Fox,35,55,Monster Force,Action,3959,14663,131.92,157.13,289.05,130.00,222.34%,58,,,,,131921738,157126025,289047763,130000000
Ghost Rider,Sony,28,56,Monster Force,Action,3619,12541,115.80,112.94,228.74,110.00,207.94%,45.3,,,,,115802596,112935797,228738393,110000000
Good Luck Chuck,Lionsgate,3,61,Love,Comedy,2612,5226,35.02,24.17,59.19,25.00,236.77%,13.7,,,,,$35017297,24174831,$59192128,25000000
Grindhouse,The Weinstein Company,82,86,pursuit,Action,2624,4419,25.04,25.16,50.19,53.00,94.71%,11.6,,,,,$25037897,25156752,$50194649,53000000
Hairspray,Warner Bros.,92,84,Underdog,Musical,3121,8803,118.87,83.68,202.55,75.00,270.06%,27.5,,,,,118871849,83676726,202548575,75000000
Halloween,The Weinstein Company,26,64,Pursuit,Horror,3472,7592,58.27,20.20,78.47,20.00,392.35%,26.4,,,,,58272029,20197855,78469884,20000000
Happily N'Ever After,Lionsgate,4,43,Maturation,Animation,2381,2775,15.59,22.50,38.08,47.00,81.03%,6.6,,,,,$15589393,22495398,$38084791,47000000
Harry Potter and the Order of the Phoenix,Warner Bros.,78,82,Quest,Adventure,4285,17998,292,647.88,939.88,150,626.59%,77.1,,,,,,,0,
Hitman,Fox,15,61,Quest,Action,2458,5362,39.69,60.28,99.96,17.50,571.22%,13.2,,,,,39687694,60276289,99963983,24000000
Hostel: Part II,Lionsgate,44,45,Escape,Horror,2350,3490,17.61,18.01,35.62,10.00,356.20%,8.2,,,,,$17609452,18010069,$35619521,10000000
I Am Legend,Warner Bros.,69,69,Quest,Thriller,3606,21411,256.39,327.76,584.16,150.00,389.44%,77.2,,,,,256393010,327762415,584155425,150000000
I Now Pronounce You Chuck and Larry,Universal,13,73,Comedy,Comedy,3495,9795,120.06,65.99,186.05,85.00,218.89%,34.2,,,,,120059556,65994618,186054174,85000000
In the Land of Women,Warner Bros.,43,72,Transformation,Comedy,2155,2186,11.05,6.51,17.56,10.00,175.62%,4.7,,,,,$11052958,6509113,$17562071,10000000
Into the Wild,Paramount,82,90,quest,Drama,658,3249,18.35,37.28,55.63,15.00,370.90%,2.1,,,,,$18354356,37280210,$55634566,15000000
Juno,Fox,94,89,Maturation,Comedy,1019,10436,143.50,87.69,231.18,7.50,3082.46%,10.6,Original Screenplay,Original Screenplay,,,143495265,87688908,231184173,7500000
Knocked Up,Universal,91,83,Love,Comedy,2871,10690,148.77,70.23,219.00,33.00,663.64%,30.7,,,,,148768917,70232344,219001261,33000000
License to Wed,Warner Bros.,8,55,Love,Comedy,2604,4002,43.80,25.51,69.31,35.00,198.02%,10.4,,,,,43799818,25507406,69307224,35000000
Lions for Lambs,Independent,27,48,Quest,Drama,2215,3025,15.00,48.21,63.21,35.00,180.60%,6.7,,,,,$15000115,48209103,$63209218,35000000
Live Free or Die Hard,Fox,79,86,Rescue,Action,3408,9791,134.53,249.00,383.53,110.00,348.66%,33.4,,,,,134529403,249002043,383531446,110000000
Meet the Robinsons,Disney,66,75,Quest,Animation,3413,7361,97.82,71.51,169.33,100.00,169.33%,25.1,,,,,97822171,71510807,169332978,100000000
Michael Clayton,Independent,90,72,Transformation,Thriller,2511,4131,49.03,43.96,92.99,25.00,371.97%,10.4,Supporting Actress,Supporting Actress,,,49033882,43957953,92991835,25000000
Mr. Brooks,MGM,56,75,Temptation,Thriller,2453,4083,28.55,19.57,48.12,20.00,240.61%,10,,,,,$28549298,19572602,$48121900,20000000
Mr. Magorium's Wonder Emporium,Independent,36,56,Transformation,Fantasy,3164,3043,32.06,36.89,68.95,25.00,275.79%,9.63,,,,,$32061555,36886258,$68947813,25000000
Music and Lyrics,Warner Bros.,63,70,Love,Romance,,,50.57,95.32,145.90,40.00,364.74%,13.6,,,,,50572589,95323833,145896422,40000000
Nancy Drew,Independent,49,61,The Riddle,Thriller,2612,2615,25.61,5.05,30.67,20.00,153.33%,6.9,,,,,$25612520,5054410,$30666930,20000000
National Treasure: Book of Secrets,Disney,31,72,The Riddle,Thriller,3832,11686,219.96,237.40,457.36,130.00,351.82%,44.8,,,,,219964115,237400485,457364600,130000000
Next,Paramount,29,59,Pursuit,Thriller,2725,2617,18.21,55.33,73.54,70.00,105.06%,7.1,,,,,$18211013,55330487,$73541500,70000000
No Country for Old Men,Paramount,95,84,Pursuit,Drama,860,9042,74.28,86.72,161.00,25.00,644.00%,7.8,"Best Picture, Director, Supporting Actor, Adapted Screenplay","Supporting Actor, Director",,,74283625,86715832,160999457,25000000
No Reservations,,39,64,Love,Comedy,2425,4826,43.11,49.49,92.60,28.00,330.72%,11.7,,,,,43107979,49493071,92601050,28000000
Norbit,Paramount,9,56,Comedy,Comedy,3136,10904,95.67,63.64,159.31,60.00,265.52%,34.2,,,,,95673607,63639954,159313561,60000000
Ocean's 13,Warner Bros.,70,74,Revenge,Thriller,3565,10135,117.15,194.16,311.31,85.00,366.25%,36.1,,,,,117154724,194157900,311312624,85000000
P.S. I Love You,Independent,21,82,Love,Romance,2454,2641,53.70,99.40,153.09,30.00,510.31%,6.5,,,,,53695808,99397697,153093505,30000000
Pathfinder: Legend of the Ghost Warrior,,11,41,Rescue,Action,1720,2907,10.23,20.59,30.82,26.00,118.55%,5,,,,,$10232081,20590780,$30822861,26000000
Pirates of the Caribbean: At World's End,Disney,45,74,Rescue,Action,4362,26302,309.42,651.58,961.00,300.00,320.33%,114.7,,,,,309420425,651576067,960996492,300000000
Premonition,Sony,8,55,The Riddle,Drama,2831,6202,47.85,36.14,84.00,20.00,419.98%,17.6,,,,,47852604,36143751,83996355,20000000
Ratatouille,Disney,97,84,Transformation,Animation,3940,11935,206.45,414.98,621.42,150.00,414.28%,47,Animated,Animated,,,206445654,414979184,621424838,150000000
Rush Hour 3,Warner Bros.,20,68,Rescue,Action,3778,12996,140.13,117.90,258.02,140.00,184.30%,49.1,,,,,140125968,117896265,258022233,140000000
Saw IV,Independent,18,70,Escape,Horror,3183,9976,63.30,76.05,139.35,10.00,1393.53%,31.7,,,,,63300095,76052538,139352633,10000000
Shoot 'Em Up,Warner Bros.,67,66,Pursuit,Action,2108,2711,12.81,14.00,26.81,39.00,68.74%,5.7,,,,,$12807139,14000000,$26807139,39000000
Shooter,Paramount,47,82,Pursuit,Action,2806,5175,47.00,48.69,95.70,61.00,156.88%,14.5,,,,,47003582,48693414,95696996,61000000
Shrek the Third,Paramount,42,57,Quest,Animation,4122,29507,322.72,476.24,798.96,160.00,499.35%,121.6,,,,,322719944,476238221,798958165,160000000
Sicko,The Weinstein Company,93,87,quest,Documentary,702,5128,24.54,11.23,35.77,9.00,397.42%,3.6,,,,,$24540079,11227679,$35767758,9000000
Smokin' Aces,Universal,27,64,Pursuit,Action,2218,6599,35.79,21.32,57.10,17.00,335.91%,14.6,,,,,35787686,21316209,57103895,17000000
Spider-Man 3,Sony,61,54,Metamorphosis,Action,4252,35540,336.53,554.34,890.87,258.00,345.30%,151.1,,,,,336530303,554341323,890871626,258000000
Stardust,Paramount,76,86,Quest,Adventure,2540,3610,38.63,96.92,135.56,70,193.66%,9.16,,,,,,,0,
Stomp the Yard,Independent,27,83,Maturation,Musical,2051,10645,61.36,14.15,75.51,14.00,539.37%,21.9,,,,,61356221,14154902,75511123,14000000
Superbad,Sony,88,87,Comedy,Comedy,2948,11211,121.46,48.41,169.87,20.00,849.36%,33,,,,,121463226,48408493,169871719,20000000
Surf's Up,Sony,78,64,Discovery,Animation,3528,5000,58.87,90.18,149.04,85.00,175.35%,17.6,,,,,58867694,90176819,149044513,85000000
Sweeney Todd: The Demon Barber of Fleet Street,Warner Bros.,86,81,Revenge,Musical,1249,7446,52.90,99.63,152.52,50.00,305.05%,9.3,,,,,52898073,99625091,152523164,50000000
The Bourne Ultimatum,Universal,93,91,Pursuit,Thriller,3660,18929,227.47,215.35,442.82,110.00,402.57%,69.3,,,,,227471070,215351344,442822414,110000000
The Brave One,,43,65,Rivalry,Action,2755,4889,36.79,32.99,69.79,70.00,99.70%,13.5,,,,,36793804,32993859,69787663,70000000
The Bucket List,Warner Bros.,41,81,discovery,Drama,2911,6661,93.47,80.84,174.31,45.00,387.36%,19.4,,,,,93466502,80843791,174310293,45000000
The Darjeeling Limited,Fox,67,79,Journey and Return,Drama,698,2523,11.90,23.02,34.92,17.50,199.53%,1.8,,,,,$11897548,23020660,$34918208,17500000
The Game Plan,Disney,27,75,Discovery,Comedy,3103,7396,90.64,57.23,147.87,22.00,672.13%,22.9,,,,,90636983,57232341,147869324,22000000
The Golden Compass,Warner Bros.,42,55,Rescue,Action,3528,7308,70.11,302.13,372.23,180.00,206.80%,25.7,,,,,70107728,302127136,372234864,180000000
The Heartbreak Kid,Paramount,30,41,Love,Comedy,3229,4342,36.79,90.98,127.77,60.00,212.94%,14,,,,,36787257,90979393,127766650,60000000
The Hills Have Eyes 2,Independent,11,50,Monster Force,Horror,2447,3958,20.80,16.66,37.47,15.00,249.77%,9.7,,,,,$20804166,16661824,$37465990,15000000
The Invasion,Warner Bros.,19,43,Monster Force,Sci-Fi,2776,2143,15.07,25.10,40.17,80.00,50.21%,5.6,,,,,$15074191,25096367,$40170558,80000000
The Kingdom,,52,78,Quest,Action,2793,6135,47.54,39.07,86.61,80.00,108.26%,17.1,,,,,47536778,39072011,86608789,80000000
The Kite Runner,Paramount,66,85,Maturation,Drama,715,2243,15.80,57.39,73.19,20.00,365.97%,1.6,,,,,$15800078,57393800,$73193878,20000000
The Mist,The Weinstein Company,72,64,Monster Force,Horror,2423,3686,25.59,31.24,56.83,18.00,315.72%,8.9,,,,,$25593755,31235392,$56829147,18000000
The Nanny Diaries,The Weinstein Company,33,52,Discovery,Comedy,2629,2845,25.93,21.07,47.00,20.00,235.00%,7.5,,,,,$25930652,21069299,$46999951,20000000
The Reaping,,9,53,Quest,Horror,2603,3851,25.13,37.64,62.77,40.00,156.93%,10,,,,,$25126214,37644845,$62771059,40000000
The Simpsons Movie,Fox,90,78,Maturation,Comedy,3922,18877,183.14,343.93,527.07,75.00,702.76%,74,,,,,183135014,343932723,527067737,75000000
There Will Be Blood,Paramount,91,84,Wretched Excess,Drama,885,5502,40.22,35.96,76.18,25.00,304.73%,4.9,Best Actor,Leading Actor,,,40222514,35959017,76181531,25000000
TMNT,,33,63,Monster Force,Action,3110,7799,54.15,40.86,95.01,35.00,271.46%,24.3,,,,,54149098,40860790,95009888,35000000
Transformers,Paramount,57,89,Monster Force,Action,4011,17577,319.25,389.03,708.27,150.00,472.18%,70.5,,,,,319246193,389026388,708272581,150000000
Tyler Perry's Why Did I get Married,Independent,46,47,Love,Romance,2011,10618,55.20,0.66,55.86,15.00,372.42%,21.4,,,,,55204525,658361,55862886,15000000
Vacancy,Sony,55,46,Pursuit,Comedy,2551,2980,19.36,15.94,35.30,19.00,185.79%,7.6,,,,,$19363565,15937080,$35300645,19000000
Waitress,Independent,89,67,Love,Romance,605,3327,19.07,3.10,22.18,2.00,1108.97%,2,,,,,$19074800,3104683,$22179483,2000000
Walk Hard: The Dewey Cox Story,Sony,75,55,Comedy,Comedy,2650,1575,18.32,2.26,20.58,35.00,58.79%,4.1,,,,,$18317151,2258092,$20575243,35000000
We Own the Night,Sony,55,63,Sacrifice,Drama,2362,4583,28.56,26.26,54.83,21.00,261.08%,10.8,,,,,$28563179,26262756,$54825935,21000000
Wild Hogs,Disney,14,72,Transformation,Comedy,3287,12077,168.27,85.35,253.63,90.00,281.81%,39.7,,,,,168273550,85351877,253625427,90000000
Zodiac,Paramount,89,73,Pursuit,Thriller,2362,5671,33.08,51.71,84.79,65.00,130.44%,13.4,,,,,$33080084,51705830,$84785914,65000000
Average,,46,58,,,,,60.73,74.31,134.54,48.33,278.38%,19.60,,,,,,,,,
"10,000 B.C.",Warner Bros.,9,44,Rescue,Adventure,3410,10518,94.78,175.00,269.78,105.00,256.94%,35.9,,,,,$94784201,,$269.1,$105000000,$105
21,Sony,35,73,quest,Crime,2648,9103,81.16,76.69,157.85,35.00,451.00%,24.1,,,http://www.the-numbers.com/movies/2008/21.php,,$81159365,76693167,$157.9,$35000000,$35
27 Dresses,Fox,40,71,Love,Comedy,3057,7526,76.81,83.50,160.31,30.00,534.36%,23.01,,,,,$76808654,,$160.3,$30000000,$30
88 Minutes,Sony,5,51,The Riddle,Drama,2168,3209,17.21,15.37,32.58,30.00,108.60%,7,,,,,$16930884,$15379918,$32310802,$30000000,$30
Appaloosa,Warner Bros.,77,55,Rescue,Action,1045,4833,20.07,7.52,27.59,20.00,137.95%,5,,,,,$20070952,,$25.9,$20000000,$20
Australia,Fox,55,69,Fish Out of Water,Adventure,2642,5602,46.69,161.80,208.49,78.00,267.30%,14.8,,,,,$46694000,,$129.4,$78000000,$78
Baby Mama,Independent,63,59,Discovery,Comedy,2543,6845,60.32,3.70,64.02,70.00,91.46%,17.41,,,,,$60321790,,$63.9,$70000000,$70
Babylon A.D.,Fox,7,32,quest,Action,3390,2798,22.53,47.68,70.21,45.00,156.03%,9.5,,,,,$22531698,,$70.6,$45000000,$45
Bangkok Dangerous,Lionsgate,9,33,pursuit,Action,2650,2937,15.30,31.30,46.60,45.00,103.55%,7.8,,,,,$15298133,,$39.4,$45000000,$45
"Be Kind, Rewind",New Line,65,57,Comedy,Comedy,808,5013,11.18,19.40,30.58,20.00,152.88%,4.05,,,,,$11175164,,$29.3,$20000000,$20
Bedtime Stories,Disney,25,63,rivalry,Comedy,3681,7457,110.10,108.25,218.35,80.00,272.94%,27.5,,,http://www.the-numbers.com/movies/2008/BEDTM.php,,$85351000,,$85.4,$80000000,$80
Beverly Hills Chihuahua,Disney,41,56,Journey and Return,Adventure,3215,9114,94.50,50.70,145.20,20.00,726.00%,29.3,,,http://www.the-numbers.com/movies/2008/BHCHI.php,,$93118082,,$116,$20000000,$20
Body of Lies,Warner Bros.,53,65,Temptation,Action,2710,4754,39.19,75.70,114.89,67.50,170.21%,12.9,,,,,$39189913,,$17.5,$67500000,$67.5
Bolt,Disney,89,76,rescue,Animation,3651,7182,109.90,195.93,305.83,150.00,203.88%,26.2,,,,,$109897000,,289.3,$150000000,$150
Burn After Reading,Relativity Media,78,64,Comedy,Comedy,2651,7215,60.36,103.36,163.72,37.00,442.47%,19.13,,,,,$60355347,,$154.8,$37000000,$37
Cadillac Records,Sony,67,64,Rags to Riches,Biography,687,5015,8.20,0.68,8.88,12.00,73.96%,3.4,,,,,$8195551,,,$12000000,$12
Changeling,Independent,62,84,quest,Drama,1850,5055,35.73,77.28,113.01,55.00,205.47%,9.4,,,,,$35694000,,66.9,$55000000,$55
City of Ember,Independent,52,48,escape,Adventure,2022,1548,7.84,10.05,17.89,38.00,47.08%,3.13,,,http://www.the-numbers.com/movies/2008/CEMBR.php,,$7841892,,,$38000000,$38
Cloverfield,Paramount,77,67,Monster Force,Action,3411,11744,80.05,90.72,170.77,25.00,683.07%,40.1,,,,,$80048433,,170.8,$25000000,$25
College Road Trip,Buena Vista,13,56,comedy,Adventure,2706,5026,45.61,5.93,51.54,140.00,36.81%,13.6,,,,,$45610425,,51.5,$140000000,$140
Death Race,Universal,42,69,escape,Action,2532,4985,36.10,39.36,75.46,45.00,167.68%,12.62,,,,,$36097530,,73.8,$45000000,$45
"Definitely, Maybe",Universal,71,72,Discovery,Comedy,2204,4430,32.01,23.20,55.21,7.00,788.76%,9.76,,,,,$32013120,,55,$7000000,$7
Disaster Movie,Lionsgate,2,28,Rescue,Comedy,2642,2209,14.19,20.62,34.81,20.00,174.05%,5.8,,,,,$14190901,,34.5,$20000000,$20
Doomsday,Relativity Media,48,47,Quest,Action,1936,2544,11.01,11.20,22.21,33.00,67.30%,4.9,,,,,$11008770,,21.6,$33000000,$33
Doubt,Independent,78,75,riddle,Drama,1267,4214,18.73,17.46,36.19,25.00,144.76%,5.3,,,,,$18730000,,18.7,$25000000,$25
Dr. Seuss' Horton Hears a Who!,Fox,79,75,rescue,Animation,3954,11384,154.53,142.60,297.13,85.00,349.56%,45,,,,,$154529439,,297,$85000000,$85
Drillbit Taylor,Paramount,26,49,Comedy,Comedy,3056,3373,32.86,16.82,49.68,40.00,124.21%,10.3,,,,,$32862104,,49.7,$40000000,$40
Eagle Eye,Paramount,27,72,pursuit,Action,3510,8305,101.18,76.62,177.80,80.00,222.25%,29.2,,,,,$101176114,,175.9,$80000000,$80
Expelled: No Intelligence Allowed,,10,42,comedy,Documentary,1052,2824,7.72,0.00,7.72,3.50,220.59%,2.97,,,,,$7720487,,,3500000,3.5
Fireproof,Independent,40,51,love,Drama,839,8148,33.45,0.02,33.47,0.50,6693.40%,6.84,,,http://boxofficemojo.com/movies/?page=main&id=Fireproof.htm,,$33149106,,,$500000,$0.5
First Sunday,Sony,13,59,Comedy,Comedy,2213,8004,37.93,0.87,38.80,13.00,298.48%,17.7,,,,,$37931869,,38.8,$13000000,$13
Fly Me to the Moon,Independent,18,26,Journey and Return,Animation,,,12.42,27.90,40.32,25.00,161.29%,1.9,,,,,$12423424,,32.6,$25000000,$25
Fool's Gold,Warner Bros.,11,53,Quest,Adventure,3125,6909,70.23,39.13,109.36,72.50,150.84%,21.6,,,,,$70231041,,110.6,$72500000,$72.5
Forgetting Sarah Marshall,Independent,85,75,maturation,Comedy,2798,6791,62.93,42.00,104.93,30.00,349.77%,17.73,,,,,$62932375,,$104.8,$30000000,$30
Four Christmases,Warner Bros.,26,52,love,Comedy,,,118.25,43.58,161.83,80.00,202.29%,31.07,,,,,$118254000,,$149.6,$80000000,$80
Get Smart,Warner Bros.,51,73,Pursuit,Action,3911,9891,130.32,100.37,230.69,80.00,288.36%,38.7,,,,,$130319208,,$230.5,80000000,80
Ghost Town,Paramount,85,60,transformation,Comedy,1505,3330,13.25,13.71,26.96,20.00,134.80%,5.01,,,,,$13252641,,24,$20000000,$20
Gran Torino,Warner Bros.,80,90,Temptation,Drama,,,148.10,121.86,269.96,33.00,818.05%,29.48,,,http://boxofficemojo.com/movies/?id=grantorino.htm,,$9700000,,,$167000000,$167
Hancock,Sony,40,67,Discovery,Action,3965,15789,227.95,396.44,624.39,150.00,416.26%,62.6,,,,,$227946274,,624.4,$150000000,$150
Harold and Kumar Escape from Guantanamo Bay,Warner Bros.,54,65,escape,Adventure,2510,5939,38.11,5.38,43.49,12.00,362.44%,14.91,,,,,$38108728,,$43.3,$12000000,$12
Hellboy II: The Golden Army,Universal,87,70,sacrifice,Action,3204,10780,75.79,84.40,160.19,82.50,194.17%,34.5,,,,,$75791785,,$158.9,$82500000,$82.5
High School Musical 3: Senior Year,Disney,65,76,love,Comedy,3623,11601,89.70,162.35,252.04,11.00,2291.31%,42.03,,,,,$89695501,,$240.7,$11000000,$11
Igor,Independent,36,42,Temptation,Animation,2339,,19.44,11.22,30.66,30.00,102.21%,7.8,,,,,$19444296,,$27.6,$30000000,$30
In Bruges,Focus,81,85,Fish Out of Water,Crime,,,7.80,25.59,33.39,15.00,222.63%,0.46,,,http://www.the-numbers.com/movies/2008/BRUGE.php,,$7800824,,$32,,0
Indiana Jones and the Kingdom of the Crystal Skull,Paramount,77,59,Pursuit,Action,4260,23507,317.02,469.53,786.56,185.00,425.17%,100.1,,,,,$317023851,,$786.6,$185000000,$185
Iron Man,Paramount,94,91,Metamorphosis,Action,4105,24024,318.31,266.76,585.07,186.00,314.56%,98.62,,,,,$318313199,,581.9,$186000000,$186
Journey to the Center of the Earth,Warner Bros.,61,55,Quest,Action,2811,7477,101.70,140.29,241.99,45.00,537.77%,21,,,,,$101704370,,$220.7,$45000000,$45
Jumper,Fox,16,50,Rescue,Action,3428,7980,80.17,142.06,222.23,82.50,269.37%,27.4,,,,,$80172128,,$222.2,$82500000,$82.5
Kit Kittredge: An American Girl,Warner Bros.,78,26,riddle,Drama,,,17.66,N/A,17.66,10.00,176.58%,3.3,,,,,$17657973,,$17.7,$10000000,$10
Kung Fu Panda,Paramount,88,83,Underdog,Animation,4114,14642,215.43,416.31,631.74,200.00,315.87%,60.24,,,,,$215434591,,$631.9,200000000,200
Lakeview Terrace,Sony,46,44,rivalry,Crime,2464,6090,39.26,5.39,44.65,20.00,223.27%,15,,,,,$39263506,,$43.8,$20000000,$20
Leatherheads,Universal,52,41,Rivalry,Comedy,2769,4580,31.23,9.93,41.16,58.00,70.96%,12.7,,,,,$31230175,,41,$58000000,$58
Mad Money,Independent,22,51,Comedy,Comedy,2470,3132,20.67,5.74,26.41,22.00,120.05%,7.74,,,,,$20668843,,$26.1,$22000000,$22
Madagascar: Escape 2 Africa,Paramount,64,73,Journey and Return,Animation,4056,15559,176.93,423.89,600.82,150.00,400.55%,63.11,,,,,$176934000,,$462.3,$150000000,$150
Made of Honor,Sony,13,61,Love,Comedy,2729,5407,46.01,59.95,105.96,40.00,264.91%,14.76,,,,,$46012734,,$106,$40000000,$40
Mamma Mia!,Universal,53,76,Love,Comedy,2976,9325,143.76,465.71,609.47,66.00,923.45%,27.75,,,,,$143762955,,$572.2,$66000000,$66
Marley and Me,Fox,63,77,love,Comedy,3480,10448,106.51,99.56,206.07,55.00,374.68%,36.36,,,,,$106510000,,$111.8,$55000000,$55
Max Payne,Fox,16,36,Revenge,Action,3376,5225,40.66,44.73,85.38,35.00,243.95%,17.6,,,,,$40656894,,$84.2,$35000000,$35
Meet Dave,Fox,19,42,Fish Out of Water,Adventure,3011,1744,11.80,38.85,50.65,60.00,84.42%,5.25,,,,,$11803254,,$50.5,$60000000,$60
Meet the Spartans,Independent,2,31,comedy,Comedy,2605,7104,38.23,46.41,84.65,30.00,282.16%,18.51,,,,,$38233676,,84.6,$30000000,$30
Milk,Universal,94,88,quest,Biography,36,40385,31.84,18.32,50.16,20.00,250.80%,1.5,"Best Actor, Original Screenplay",,http://www.the-numbers.com/movies/2008/HMILK.php,,$17124000,,,$20000000,$20
Miracle at St. Anna,Disney,34,68,quest,Action,1185,2935,7.92,1.20,9.12,45.00,20.26%,3.5,,,http://www.the-numbers.com/movies/2008/MSANA.php,,$7919117,,,$45000000,$45
Mirrors,Independent,14,49,monster force,Horror,2664,4190,30.69,46.80,77.49,35.00,221.40%,11.2,,,,,$30691439,,73.4,$35000000,$35
Miss Pettigrew Lives for a Day,Independent,78,70,Love,Comedy,535,4655,12.31,2.86,15.17,60.00,25.29%,2.49,,,,,$12313694,,,$60000000,$60
My Best Friend's Girl,Lionsgate,14,51,Comedy,Comedy,2604,3174,19.22,22.40,41.62,20.00,208.11%,8.27,,,,,$19219250,,36.2,$20000000,$20
Never Back Down,Summit,23,37,Rivalry,Action,2729,3152,24.85,16.78,41.63,21.00,198.22%,8.6,,,,,$24850922,,$41.6,$21000000,$21
Nick and Norah's Infinite Playlist,Sony,73,67,Love,Comedy,2421,4672,31.49,2.04,33.53,10.00,335.27%,11.31,,,,,$31487293,,$31.7,$10000000,$10
Nights in Rodanthe,Warner Bros.,31,56,Discovery,Drama,2704,4962,41.74,37.50,79.24,30.00,264.12%,13.42,,,,,$41736813,,$75.7,$30000000,$30
Nim's Island,Independent,51,50,rescue,Adventure,3513,3760,48.01,52.07,100.08,37.00,270.48%,13.2,,,,,$48006762,,$99.9,$37000000,$37
One Missed Call,Warner Bros.,0,36,Monster Force,Horror,2240,5585,26.89,17.62,44.51,20.00,222.55%,12.5,,,,,$26890041,,$44.5,$20000000,$20
Over Her Dead Body,New Line,15,47,Love,Comedy,,,7.57,13.14,20.71,10.00,207.10%,4.03,,,,,,,$20.9,$10000000,$10
Penelope,Summit,52,74,love,Comedy,,,10.01,10.73,20.74,15.00,138.28%,3.8,,,,,$10011996,,$20.8,$15000000,$15
Pineapple Express,Sony,68,74,Comedy,Action,3072,7567,87.34,14.28,101.62,26.00,390.86%,23.2,,,,,$87341380,,101.5,$26000000,$26
Pride & Glory,Warner Bros.,34,54,Temptation,Crime,2585,2423,15.74,15.41,31.15,30.00,103.83%,6.26,,,,,$15740721,,$23.8,$30000000,$30
Prom Night,Independent,8,46,escape,Horror,2700,7705,43.87,13.32,57.19,18.00,317.72%,20.81,,,,,$43869350,,57.2,$18000000,$18
Punisher: War Zone,Lionsgate,27,47,Revenge,Action,2508,1703,8.05,2.04,10.09,35.00,28.83%,4.3,,,http://boxofficemojo.com/movies/?id=punisher2.htm,,$8050977,,,$35000000,$35
Quantum of Solace,MGM,64,62,Revenge,Action,3451,19568,166.80,417.72,584.52,230.00,254.14%,67.5,,,http://www.the-numbers.com/movies/2008/JB22.php,,$166800000,,567,$230000000,$230
Quarantine,Sony,59,46,Monster Force,Horror,2461,5775,31.69,9.62,41.31,12.00,344.27%,14.2,,,http://boxofficemojo.com/movies/?id=rachelgettingmarried.htm,,$31691811,,37.2,$12000000,$12
Rachel Getting Married,Independent,85,61,love,Drama,9,32597,12.79,3.82,16.61,12.00,138.42%,0.29,,,http://www.the-numbers.com/movies/2008/RGMRD.php,,$10326000,,,$12000000,$12
Rambo,Lionsgate,36,70,Rescue,Action,2751,6617,42.75,70.49,113.24,47.50,238.41%,18.2,,,http://boxofficemojo.com/movies/?id=rambo08.htm,,$42754105,,113.2,$47500000,$47.5
Religulous,Lionsgate,70,78,comedy,Documentary,502,6792,13.01,0.12,13.14,2.50,525.41%,3.41,,,http://www.the-numbers.com/movies/2008/RELIG.php,,$13011160,,,$2500000,$2.5
Righteous Kill,Overture,19,44,The Riddle,Crime,3152,5168,40.08,38.37,78.45,60.00,130.75%,16.3,,,http://boxofficemojo.com/movies/?id=righteouskill.htm,,$40081410,38379289,74,$60000000,$60
Role Models,Universal,77,75,Discovery,Comedy,2792,6865,66.69,25.09,91.77,28.00,327.76%,19.17,,,,,$66688000,,66.7,$28000000,$28
Saw V,Independent,13,63,Monster Force,Crime,3030,9822,56.75,57.12,113.86,10.80,1054.29%,30.1,,,,,$56746769,,103.6,$10800000,$10.8
Semi-Pro,Warner Bros.,21,41,underdog,Comedy,3121,4830,33.48,10.41,43.88,2.60,1687.87%,15.08,,,,,$33479698,,43.9,$2600000,$2.6
Seven Pounds,Sony,27,77,Sacrifice,Drama,2758,5385,60.04,98.21,158.25,55.00,287.72%,14.9,,,http://boxofficemojo.com/movies/?id=sevenpounds.htm,,$60038000,,61.4,$55000000,$55
Sex and the City,Warner Bros.,49,81,love,Comedy,3285,17363,152.65,262.61,415.25,57.50,722.18%,57.04,,,,,$152647258,,415.1,$57500000,$57.5
Sex Drive,Summit,46,61,Journey and Return,Adventure,2421,1490,8.40,10.35,18.75,19.00,98.70%,3.61,,,http://boxofficemojo.com/movies/?id=sexdrive.htm,,$8402485,,,$19000000,$19
Shutter,Fox,7,40,Monster Force,Horror,2753,3794,25.93,21.95,47.88,8.00,598.48%,10.5,,,http://boxofficemojo.com/movies/?id=shutter.htm,,$25928550,,47.8,,0
Slumdog Millionaire,Independent,94,90,Underdog,Crime,,,141.31,234.48,375.79,15.00,2505.27%,4.3,"Best Picture, Director, Adapted Screenplay","Best Film, Director, Adapted Screenplay",,,101890000,,198,$15000000,$15
Smart People,Independent,50,41,Transformation,Comedy,1106,3700,9.51,2.14,11.65,7.00,166.45%,4.09,,,http://www.the-numbers.com/movies/2008/SMPEP.php,,$9511289,,,$7000000,$7
Soul Men,The Weinstein Company,45,42,Comedy,Comedy,2044,2643,12.08,0.25,12.33,0.00,,5.4,,,http://www.boxofficemojo.com/movies/?id=soulmen.htm,,$12009235,,,,0
Space Chimps,Independent*,36,37,Transformation,Animation,2511,2860,30.11,34.73,64.83,37.00,175.23%,7.18,,,"* Co-production partnership with Digital Production Studios, a subsidiary of IDT Media.",,$30105968,,63.8,$37000000,$37
Speed Racer,Warner Bros.,38,61,Quest,Action,3606,5174,43.95,50.00,93.95,120.00,78.29%,18.6,,,,,$43945766,,93.4,$120000000,$120
Star Wars: The Clone Wars,Independent,19,46,sacrifice,Animation,3452,4233,35.16,33.12,68.28,8.50,803.32%,14.6,,,,,$35161554,,65.6,$8500000,$8.5
Step Brothers,Sony,54,68,Comedy,Comedy,3094,10000,100.47,27.64,128.11,65.00,197.09%,30.94,,,,,$100468793,,$128,$65000000,$65
Step Up 2: The Streets,Disney,26,81,underdog,Drama,2470,7655,58.02,92.80,150.82,17.50,861.80%,18.91,,,,,$58017783,,148.2,$17500000,$17.5
Stop-Loss,Paramount,65,27,Tragedy,Drama,1291,3528,10.92,0.26,11.18,25.00,44.70%,4.56,,,http://www.the-numbers.com/movies/2008/STOPL.php,,$10915744,,,$25000000,$25
Street Kings,Fox,37,62,The Riddle,Action,2467,5054,26.42,39.15,65.57,20.00,327.86%,12.5,,,,,$26418667,,$63.6,$20000000,$20
Superhero Movie,The Weinstein Company,15,36,Comedy,Comedy,2960,3212,25.87,45.35,71.22,65.00,109.57%,9.51,,,,,$25874034,,$71.1,$65000000,$65
Swing Vote,Disney,36,44,maturation,Comedy,2213,2815,16.29,1.34,17.63,20.00,88.17%,6.23,,,,,$16289867,,$33.4,$20000000,$20
The Bank Job,Independent,78,74,Quest,Thriller,1603,3702,30.06,34.76,64.82,20.00,324.11%,5.94,,,,,$30060660,,$63.8,$20000000,$20
The Boy in the Striped Pyjamas,Independent,63,84,Tragedy,Drama,,,8.70,31.37,40.07,12.50,320.60%,1.03,,,,,$8704790,,33,$12500000,$12.5
The Chronicles of Narnia: Prince Caspian,Disney,66,78,fish out of water,Action,3929,14007,141.62,278.04,419.67,200.00,209.83%,55.03,,,,,$141621490,,419.6,$200000000,$200
The Curious Case of Benjamin Button,Warner Bros.,73,81,love,Fantasy,2988,8987,79.01,206.42,285.43,160.00,178.39%,26.85,,,,,$79011000,,322,$160000000,$160
The Dark Knight,Warner Bros.,94,96,Revenge,Thriller,4366,36283,530.92,468.58,999.49,185.00,540.27%,158.4,Supporting Actor,Supporting Actor,,,$530917814,,996.9,$185000000,$185
The Day the Earth Stood Still ,Fox,19,34,Sacrifice,Thriller,3560,8562,74.30,153.73,228.03,100.00,228.03%,30.5,,,,,$74299000,,230,$100000000,$100
The Duchess,Paramount,60,68,Love,Drama,,,13.85,29.46,43.31,13.50,320.79%,3.3,,,,,$13848978,,34.3,$13500000,$13.5
The Express,Independent,62,73,Maturation,Biopic,2808,1625,9.79,0.01,9.80,37.50,26.13%,4.56,,,http://www.the-numbers.com/movies/2008/EXPRS.php,,$9643725,,,$37500000,$37.5
The Eye,Lionsgate,22,51,Sacrifice,Horror,2436,5101,31.42,25.55,56.96,12.00,474.70%,12.4,,,,,$31418697,,56.8,$12000000,$12
The Forbidden Kingdom,Relativity Media,64,65,journey & return,Action,3151,6791,52.08,75.90,127.98,55.00,232.69%,21.4,,,,,$52075270,,$128.8,$55000000,$55
The Happening,Fox,19,29,escape,Thriller,2986,10220,64.51,98.89,163.40,48.00,340.41%,30.52,,,http://boxofficemojo.com/movies/?id=happening.htm,,$64506874,,$163.4,$60000000,$48
The Haunting of Molly Hartley,Independent,3,22,sacrifice,Horror,2652,2045,13.56,1.33,14.89,5.00,297.80%,5.4,,,,,$13477895,,,$5000000,$5
The House Bunny,Sony,39,54,Discovery,Comedy,2714,5355,48.24,22.20,70.44,25.00,281.75%,14.53,,,http://boxofficemojo.com/movies/?id=housebunny.htm,,48237389,22205551,$70,$25000000,$25
The Incredible Hulk,Universal,67,75,Metamorphosis,Action,3505,15810,134.53,128.62,263.15,137.50,191.38%,55.14,,,,,$134533885,,262.5,$137500000,$137.5
The Longshots,Independent,39,39,Quest,Comedy,2089,1953,11.51,0.23,11.74,30.00,39.14%,4,,,,,$11511323,,,$30000000,$30
The Love Guru,Paramount,14,38,Comedy,Comedy,3012,4617,32.20,8.63,40.83,62.00,65.85%,13.91,,,,,$32200122,,$40.8,$62000000,$62
The Mummy: Tomb of the Dragon Emperor,Universal,14,40,Quest,Action,3760,10760,102.28,298.63,400.91,145.00,276.49%,40.5,,,http://boxofficemojo.com/movies/?id=mummy3.htm,,$102277510,,393.2,$175000000,$175
The Other Boleyn Girl,Independent,41,65,tragedy,Drama,1166,7035,26.81,50.90,77.71,40.00,194.28%,8.2,,,,,$26814957,,77.2,$40000000,$40
The Pirates Who Don't Do Anything,Universal,41,,Fish Out of Water,,,,12.73,0.17,12.90,15.00,85.98%,4.25,,,,,$12727025,,,$15000000,$15
The Ruins,Paramount,46,32,rescue,Horror,2812,2846,17.43,5.30,22.73,25.00,90.91%,8,,,,,$17432844,,$22.6,$25000000,$25
The Secret Life of Bees,Fox,56,78,Maturation,Drama,1591,6617,37.43,2.18,39.61,11.00,360.10%,10.53,,,,,$37434318,,$37.8,$11000000,$11
The Sisterhood of the Traveling Pants 2,Warner Bros.,65,67,Journey and Return,,2707,3945,44.09,0.26,44.35,27.00,164.26%,10.68,,,,,$44089964,,$44.2,$27000000,$27
The Spiderwick Chronicles,Paramount,79,67,fish out of water,Fantasy,3847,4940,71.20,91.64,162.84,92.50,176.04%,19,,,,,$71195053,,$162.8,$92500000,$92.5
The Spirit,Lionsgate,14,29,rivalry,Action,2509,2576,17.75,19.23,36.98,6.00,616.32%,6.5,,,,,$17754000,,$21.5,$6000000,$6
The Strangers,Relativity Media,44,48,Escape,Horror,2466,8515,52.60,29.79,82.39,9.00,915.45%,20.99,,,,,$52597610,,$77.6,$9000000,$9
The Tale of Despereaux,Universal,54,46,Rescue,Animation,3104,3255,50.87,37.84,88.71,55.00,161.29%,10.1,,,,,$43742000,,,$55000000,$55
The Visitor,Independent,92,83,Transformation,Drama,,,9.43,8.65,18.08,4.00,451.95%,0.09,,,http://www.the-numbers.com/movies/2008/VISTR.php,,$9427089,,,$4000000,$4
The Women,Warner Bros.,13,41,Transformation,Drama,2962,3415,26.90,23.11,50.01,16.00,312.54%,10.12,,,,,$26902075,,46.1,$16000000,$16
The X-Files: I Want to Believe,Fox,32,34,monster force,Thriller,3185,3147,20.98,47.39,68.37,35.00,195.34%,10.1,,,,,$20982478,,68.3,$35000000,$35
Traitor,Liberty Starz,55,66,Pursuit,Thriller,2054,3831,23.53,4.13,27.66,22.00,125.74%,7.9,,,,,$23530831,,25.3,$22000000,$22
Transporter 3,Independent,36,58,escape,Action,2626,4594,31.72,77.26,108.98,30.00,363.26%,12.06,,,,,$31715062,,60.9,$30000000,$30
Tropic Thunder,Paramount,83,69,fish out of water,Comedy,3319,7777,110.46,77.58,188.04,90.00,208.93%,25.81,,,,,$110461307,,188,$90000000,$90
Twilight,Summit,49,82,Love,Romance,3419,20368,176.82,199.85,376.66,37.00,1018.00%,69.64,,,,,$176815000,,246.5,$37000000,$37
Tyler Perry's Meet the Browns,Independent,31,36,Discovery,Drama,2006,10011,41.98,0.00,41.98,20.00,209.88%,20.08,,,http://boxofficemojo.com/movies/?id=meetthebrowns.htm,,$41975388,,,$20000000,$20
Tyler Perry's The Family That Preys,Independent,51,36,Discovery,Drama,2070,8397,37.11,0.00,37.11,10.00,371.05%,17.38,,,http://boxofficemojo.com/movies/?id=familythatpreys.htm,,$37105289,,,$10000000,$10
Under the Same Moon,Weinstein Co.,72,37,Quest,,266,10412,12.59,10.72,23.31,1.70,1371.19%,2.8,,,http://boxofficemojo.com/movies/?id=underthesamemoon.htm,,$12590147,,23,1700000,1.7
Untraceable,Independent,14,56,riddle,Thriller,2368,4795,28.69,23.97,52.66,35.00,150.45%,11.4,,,,,$28687835,,$52.5,$35000000,$35
Valkyrie,MGM,58,66,Sacrifice,Thriller,2711,7756,83.08,117.20,200.28,75.00,267.03%,21.03,,,http://boxofficemojo.com/movies/?id=valkyrie.htm,,"$83,077,833         ",,184,$75000000,$75
Vantage Point,Sony,35,61,The Riddle,,3149,7264,72.27,78.89,151.16,40.00,377.89%,22.87,,,http://boxofficemojo.com/movies/?id=vantagepoint.htm,,$72266306,,$151.2,$40000000,$40
Vicky Cristina Barcelona,The Weinstein Company,82,73,temptation,Romance,692,5427,22.84,73.19,96.03,16.00,600.16%,3.76,,,http://boxofficemojo.com/movies/?id=vickycristinabarcelona.htm,,$22835000,,$77.2,$16000000,$16
W.,Lionsgate,60,42,rivalry,Drama,2030,5175,25.53,3.97,29.50,25.10,117.55%,10.5,,,http://boxofficemojo.com/movies/?id=w.htm,,$25534493,,$29,$25100000,$25.1
WALL-E,Disney,96,89,love,Animation,3992,15803,223.78,297.50,521.28,180.00,289.60%,63.09,Animated,Animated,http://boxofficemojo.com/movies/?id=wall-e.htm,,$223783432,,$507.3,$180000000,$180
Wanted,Universal,73,72,Transformation,Action,3175,16040,134.33,206.92,341.25,75.00,455.00%,50.93,,,http://boxofficemojo.com/movies/?id=wanted.htm,,$134327125,,$342.1,$75000000,$75
"Welcome Home, Roscoe Jenkins",Universal,24,64,discovery,Comedy,2387,6790,42.19,1.21,43.40,35.00,124.01%,16.21,,,http://boxofficemojo.com/movies/?id=roscoejenkins.htm,,$42193500,,$43.4,$27500000,$27.5
What Happens in Vegas,Fox,28,72,Love,Comedy,3215,6274,80.28,139.09,219.37,35.00,626.76%,20.17,,,http://boxofficemojo.com/movies/?id=whathappensinvegas.htm,,$80277646,,$219.3,$150000000,$150
Yes Man,Warner Bros.,43,72,Transformation,Comedy,3434,5318,97.69,125.55,223.24,70.00,318.91%,18.26,,,http://boxofficemojo.com/movies/?id=yesman.htm,,$79413000,,$113.4,$50000000,$50
You Don't Mess with the Zohan,Sony,36,50,fish out of water,Comedy,3462,11130,100.02,99.91,199.93,80.00,249.91%,38.53,,,http://boxofficemojo.com/movies/?id=youdontmesswiththezohan.htm,,$100018837,,$201.8,$80000000,$80
Zack and Miri Make a Porno,The Weinstein Company,64,70,Love,Romance,3735,3680,31.30,10.64,41.94,24.00,174.75%,10.07,,,http://boxofficemojo.com/movies/?id=zackandmirimakeaporno.htm,,$31301000,,36.6,$24000000,$24
Average,,47,58,,,"2,597.38","8,352.53",74.05,92.43,166.42,54.09,307.64%,21.74,,,
9,Focus,57,58,Sacrifice,Animation,1661,10398,31.74,16.67,48.41,30,161.37%,10.7,,,http://www.the-numbers.com/movies/records/allbudgets.php
2012,Sony,39,63,Escape,Action,3404,19165,165.6,602.40,768.00,200,384.00%,65.3,,,http://boxofficemojo.com/movies/?id=2012.htm
(500) Days of Summer ,Fox,87,81,Love,Comedy,817,4577,32.39,28.33,60.72,7.5,809.60%,3.8,,,http://boxofficemojo.com/movies/?id=500daysofsummer.htm
12 Rounds ,Fox,30,52,Rescue,Action,2331,2286,12.23,5.94,18.17,20,90.85%,5.3,,,http://www.the-numbers.com/movies/2009/12RDS.php
17 Again ,Independent,55,70,Maturation,Comedy,3255,7288,64.2,72.10,136.30,20,681.50%,23.7,,,http://www.darkhorizons.com/films/134/17-Again
A Christmas Carol,Disney,52,72,Transformation,Animation,3683,8159,137.9,187.43,325.33,200,162.67%,30.1,,,http://boxofficemojo.com/movies/?id=christmascarol09.htm
A Perfect Getaway ,Universal,61,50,Escape,Mystery,2159,2755,15.5,7.33,22.83,14,163.07%,5.9,,,http://boxofficemojo.com/movies/?id=perfectgetaway.htm
A Serious Man ,Universal,89,64,Love,Drama,6,41890,9.2,21.48,30.68,7,438.29%,0.25,,,http://www.the-numbers.com/movies/2009/ASERM.php
Adventureland ,Miramax,89,56,Maturation,Comedy,1862,3073,16.04,1.10,17.14,9.8,174.90%,5.7,,,http://www.the-numbers.com/movies/2009/ADVNL.php
Aliens in the Attic ,Fox,30,46,Monster Force,Adventure,3106,2578,25.2,32.68,57.88,45,128.62%,8,,,http://boxofficemojo.com/movies/?id=aliensintheattic.htm
All About Steve ,Fox,6,35,Comedy,Comedy,2251,4994,33.86,6.26,40.12,15,267.47%,11.2,,,http://www.the-numbers.com/movies/2009/ABSTV.php
Alvin and the Chipmunks: The Squeakquel ,Independent,21,59,Comedy,Animation,3700,13210,219.5,221.30,440.70,75,587.60%,48.8,,,http://boxofficemojo.com/movies/?id=alvinandthechipmunksii.htm
Avatar ,Fox,83,92,Metamorphosis,Action,3452,22313,760.5,"2,023.00","2,783.50",237,1174.47%,77,,,http://www.the-numbers.com/movies/2009/AVATR.php
Amelia ,Independent,21,35,Quest,Adventure,820,4761,14.2,5.00,19.20,40,48.00%,3.9,,,http://www.the-numbers.com/movies/records/allbudgets.php
An Education,Sony Classics,94,78,Maturation,Drama,761,1003,12.57,13.52,26.09,7.5,347.87%,0.76,,,
Angels & Demons ,Sony,36,65,The Riddle,Mystery,3527,13100,133.4,352.60,485.90,150,323.93%,46.2,,,http://boxofficemojo.com/movies/?id=angelsanddemons.htm
Armored ,Sony,40,34,Temptation,Action,1915,3400,16,0.00,16.00,20,80.00%,6.5,,,http://boxofficemojo.com/movies/?id=armored.htm
Astro Boy ,Summit,49,53,Quest,Animation,3014,2224,19.55,24.54,44.09,65,67.83%,6.7,,,http://www.the-numbers.com/movies/2009/ASBOY.php
Away We Go ,Focus,67,74,Discovery,Comedy,4,32603,9.45,5.44,14.89,21,70.90%,0.13,,,http://www.the-numbers.com/movies/records/allbudgets.php
Bandslam ,Summit,79,60,Maturation,Comedy,2121,1052,5.2,6.90,12.10,20,61.00%,2.2,,,http://en.wikipedia.org/wiki/Bandslam
Bride Wars ,Fox,11,56,Comedy,Comedy,3226,6528,58.75,56.43,115.15,30,383.83%,21.1,,,http://www.the-numbers.com/movies/records/allbudgets.php
Brothers ,Lionsgate,61,62,Transformation,Drama,2088,4563,28.5,14.77,43.27,26,166.42%,9.5,,,http://boxofficemojo.com/movies/?id=brothers09.htm
Bruno ,Universal,68,48,Comedy,Comedy,2756,11110,60.1,70.70,130.80,42,311.43%,30.6,,,http://www.the-numbers.com/movies/2009/BRUNO.php
Cirque du Freak: The Vampire's Assistant ,Universal,38,50,Discovery,Action,2754,2285,14.04,20.32,34.36,40,85.90%,6.3,,,http://www.the-numbers.com/movies/2009/VAMPA.php
Cloudy with a Chance of Meatballs ,Sony,86,70,Comedy,Animation,3119,9716,124.9,118.13,243.03,100,243.03%,30.3,,,http://boxofficemojo.com/movies/?id=cloudywithachanceofmeatballs.htm
Confessions of a Shopaholic ,Disney,24,53,Comedy,Comedy,2507,6010,44.27,64.05,108.30,70,155.00%,15,,,http://www.the-numbers.com/movies/2009/SHOPA.php
Coraline ,Universal,89,77,Journey and Return,Animation,2299,7329,75.28,49.30,124.58,60,207.63%,16.8,,,http://boxofficemojo.com/movies/?id=coraline.htm
Couples Retreat ,Universal,12,47,Comedy,Comedy,3000,11429,109.2,62.63,171.83,60,286.38%,34.3,,,http://boxofficemojo.com/movies/?id=couplesretreat.htm
Crank: High Voltage ,Lionsgate,62,54,"Pursuit
",Action,2223,3133,13.7,20.80,34.50,12.9,267.44%,7,,,http://www.boxofficemojo.com/movies/?id=crank2.htm
Dance Flick ,Paramount,17,35,Comedy,Action,2450,4344,25.66,5.77,31.43,25,125.72%,10.6,,,http://boxofficemojo.com/movies/?id=danceflick.htm
Did You Hear About the Morgans? ,Sony,12,31,Comedy,Comedy,2718,2434,29.58,55.70,85.28,58,147.03%,6.6,,,http://boxofficemojo.com/movies/?id=grantparker09.htm
District 9 ,Independent,91,81,Metamorphosis,Action,3049,12251,115.6,95.17,210.77,30,702.57%,37.4,,,http://www.the-numbers.com/movies/records/allbudgets.php
Drag Me to Hell ,Universal,92,61,Monster Force,Horror,2508,6310,42.1,48.70,90.80,30,302.67%,15.8,,,http://www.the-numbers.com/movies/records/allbudgets.php
Dragonball Evolution ,Fox,15,28,Quest,Action,2181,2181,9.36,48.87,58.23,30,194.10%,4.8,,,http://www.the-numbers.com/movies/2009/DRGNB.php
Duplicity ,Universal,64,38,Rivalry,Romance,2574,5425,40.57,37.57,78.14,60,130.23%,14,,,http://boxofficemojo.com/movies/?id=duplicity.htm
Everybody's Fine ,Miramax,46,55,Discovery,Drama,2133,1806,9.2,7.20,16.40,21,78.10%,3.9,,,http://boxofficemojo.com/movies/?id=everybodysfine09.htm
Extract ,Miramax,62,37,Comedy,Comedy,1611,2694,10.8,0.03,10.83,7.5,144.33%,4.3,,,http://www.the-numbers.com/movies/2009/EXTRC.php
Fame,MGM,25,43,Maturation,Comedy,3096,3234,22.5,55.50,78.00,18,433.33%,10,,,http://www.the-numbers.com/movies/records/allbudgets.php
Fantastic Mr. Fox ,Fox,93,80,Rivalry,Animation,2033,3426,21,25.46,46.46,40,116.15%,7,,,http://boxofficemojo.com/movies/?id=fantasticmrfox.htm
Fast and Furious ,Universal,28,76,Revenge,Action,3461,20500,155.1,208.00,363.10,85,427.18%,70.9,,,http://boxofficemojo.com/movies/?id=fastandthefurious4.htm
Fired Up! ,Independent,22,52,Comedy,Comedy,1810,3030,17.2,1.40,18.60,20,93.00%,5.5,,,http://boxofficemojo.com/movies/?id=firedup.htm
Friday the 13th,Paramount,25,52,Monster Force,Horror,3105,13066,65,26.40,91.40,19,481.05%,40.6,,,http://www.the-numbers.com/movies/records/allbudgets.php
Funny People ,Universal,68,58,Transformation,Comedy,3007,7535,51.85,19.73,71.58,75,95.44%,22.7,,,http://boxofficemojo.com/movies/?id=funnypeople.htm
G-Force ,Disney,22,50,Comedy,Action,3697,8576,119.4,173.38,285.10,150,190.07%,31.7,,,http://boxofficemojo.com/movies/?id=g-force.htm
G.I. Joe: The Rise of Cobra ,Paramount,33,62,Pursuit,Action,4007,13654,150.2,152.26,302.10,175,172.63%,54.7,,,http://www.the-numbers.com/movies/records/allbudgets.php
Gamer ,Lionsgate,29,43,Revenge,Action,2502,3659,20.53,20.29,40.82,12.5,326.56%,9.15,,,http://www.the-numbers.com/movies/2009/CGAME.php
Ghosts of Girlfriends Past ,Warner Bros.,27,47,Love,Comedy,3175,4854,55.25,46.97,102.22,50,204.44%,15.4,,,http://boxofficemojo.com/movies/?id=ghostsofgirlfriendspast.htm
Halloween II,Independent,20,45,Escape,Horror,3025,5405,33.39,6.02,39.41,15,262.73%,16.3,,,http://boxofficemojo.com/movies/?id=halloween209.htm
Hannah Montana: The Movie ,Disney,44,66,Maturation,Comedy,3118,10367,79.58,70.52,150.10,35,428.86%,32.3,,,http://www.the-numbers.com/movies/2009/HANNA.php
Harry Potter and the Half-Blood Prince ,Warner Bros.,83,75,Quest,Adventure,4325,17997,302,632.00,934.00,250,373.60%,77.8,,,http://www.the-numbers.com/movies/2009/HPOT6.php
He's Just Not That Into You ,Warner Bros.,42,60,Love,Comedy,3175,8751,93.95,84.89,178.84,25,715.36%,27.8,,,http://boxofficemojo.com/movies/?id=hesjustnotthatintoyou.htm
Hotel for Dogs ,Paramount,46,57,Comedy,Comedy,3271,5201,73,45.20,118.20,35,337.71%,17,,,http://www.the-numbers.com/movies/2009/HTLDG.php
I Love You Beth Cooper ,Fox,14,38,Comedy,Comedy,1856,2648,14.8,1.58,16.38,18,91.00%,4.9,,,http://www.the-numbers.com/movies/2009/ILUBC.php
"I Love You, Man ",Paramount,83,72,Comedy,Comedy,2711,6570,71.4,20.00,91.40,40,228.50%,17.8,,,http://www.the-numbers.com/movies/2009/ILVUM.php
Ice Age: Dawn of the Dinosaurs ,Fox,45,72,Quest,Animation,4099,10171,196.57,690.11,886.68,90,985.20%,41.7,,,http://boxofficemojo.com/movies/?id=iceage3.htm
Imagine That ,Paramount,38,44,Comedy,Comedy,3008,1830,16.12,6.86,22.99,55,41.80%,5.5,,,http://boxofficemojo.com/movies/?id=imaginethat.htm
Inglourious Basterds ,Universal,88,87,Underdog,Adventure,3135,12024,120.5,200.91,321.41,70,459.16%,38,Supporting Actor,Supporting Actor,http://www.the-numbers.com/movies/records/allbudgets.php
Inkheart ,Warner Bros.,39,51,Quest,Adventure,2655,2862,17.3,45.14,62.44,60,104.07%,7.6,,,http://boxofficemojo.com/movies/?id=inkheart.htm
Invictus,Warner Bros.,75,74,Underdog,Biography,2125,4052,37.49,84.74,122.23,60,203.72%,8.6,,,http://boxofficemojo.com/movies/?id=eastwood09.htm
It's Complicated ,Universal,56,63,Love,Comedy,2887,7655,112.73,111.87,224.60,85,264.24%,22.1,,,http://www.the-numbers.com/movies/2009/CMPLC.php
Jennifer's Body ,Fox,42,37,Monster Force,Comedy,2702,2542,16.2,15.35,31.55,16,197.19%,6.9,,,http://boxofficemojo.com/movies/?id=jennifersbody.htm
Julie & Julia ,Sony,74,69,Underdog,Biography,2354,8508,94.12,32.52,126.64,40,316.60%,20,,,http://www.the-numbers.com/movies/2009/JULIE.php
Knowing ,Summit,33,50,Escape,Drama,3332,7384,79.95,103.63,183.58,50,367.16%,24.6,,,http://www.the-numbers.com/movies/records/allbudgets.php
Land of the Lost ,Universal,26,38,Journey and Return,Drama,3521,5350,49.43,20.11,69.54,100,69.54%,18.8,,,http://www.the-numbers.com/movies/2009/LANDL.php
Law Abiding Citizen ,Independent,25,77,Revenge,Crime,2890,7280,73.4,53.08,126.48,53,238.64%,21,,,http://www.the-numbers.com/movies/2009/LACTZ.php
Love Happens ,Universal,18,40,Love,Drama,1898,4245,22.96,13.12,36.08,18,200.44%,8.05,,,http://www.the-numbers.com/movies/records/allbudgets.php
Michael Jackson's This Is It ,Sony,81,82,Tragedy,Documentary,3481,6675,72.1,180.00,252.10,60,420.17%,23.3,,,http://www.the-numbers.com/movies/2009/JACKO.php
Monsters Vs. Aliens ,Paramount,72,65,Monster Force,Animation,4104,14454,198.4,183.20,381.50,175,218.00%,59.3,,,http://boxofficemojo.com/movies/?id=monstersvsaliens.htm
My Bloody Valentine 3-D ,Lionsgate,57,48,Pursuit,Crime,2534,8383,51.54,51.20,102.74,14,733.86%,21.2,,,http://www.the-numbers.com/movies/2009/MBVAL.php
My Life in Ruins ,Independent,9,43,Comedy,Comedy,1164,2769,8.67,9.34,18.01,17,106.00%,3.2,,,http://www.the-numbers.com/movies/2009/MLFRU.php
My Sister's Keeper ,Warner Bros.,47,73,Escape,Drama,2606,4774,49.2,39.85,89.05,27.5,323.82%,12.4,,,http://www.the-numbers.com/movies/2009/MYSKP.php
Next Day Air ,Summit,21,27,Comedy,Action,1138,3613,10,0.00,10.00,3,333.33%,4.1,,,http://boxofficemojo.com/movies/?id=nextdayair.htm
Night at the Museum: Battle of the Smithsonian ,Fox,43,60,Quest,Action,4096,13226,177.2,235.80,413.00,150,275.33%,54.2,,,http://www.the-numbers.com/movies/records/allbudgets.php
Nine ,Weinstein Co.,37,40,Discovery,Drama,1412,3862,19.67,34.32,53.99,80,67.49%,5.45,,,http://boxofficemojo.com/movies/?id=nine.htm
Ninja Assassin ,Warner Bros.,25,57,Revenge,Action,2503,5320,38.12,23.47,61.59,50,123.18%,13.3,,,http://boxofficemojo.com/movies/?id=ninjaassassin.htm
Not Easily Broken ,Independent,34,66,Love,Drama,724,7340,10.6,0.14,10.70,5,214.00%,5.3,,,http://www.the-numbers.com/movies/records/allbudgets.php
Notorious,Fox,50,66,Tragedy ,Biography,1638,12514,36.84,7.52,44.36,20,221.80%,20.5,,,http://boxofficemojo.com/movies/?id=notorious08.htm
Observe and Report ,Warner Bros.,51,40,Comedy,Comedy,2727,4040,24,2.96,26.96,18,149.78%,11,,,http://boxofficemojo.com/movies/?id=observeandreport.htm
Obsessed ,Sony,20,50,Rivalry,Drama,2514,11318,68.26,5.56,73.82,20,369.10%,28.6,,,http://boxofficemojo.com/movies/?id=obsessed.htm
Old Dogs ,Buena Vista,5,49,Comedy,Comedy,3425,4933,49.49,47.26,96.75,35,276.43%,16.9,,,http://boxofficemojo.com/movies/?id=olddogs.htm
Orphan ,Warner Bros.,55,65,Escape,Horror,2750,4681,41.59,36.74,78.33,30,261.10%,12.8,,,http://www.the-numbers.com/interactive/newsStory.php?newsID=4328
Pandorum ,Independent,28,49,Monster Force,Action,2506,1765,10.3,6.70,17.00,40,42.50%,4.4,,,http://www.the-numbers.com/movies/2009/PNDRM.php
Paranormal Activity ,Independent,82,56,Monster Force,Horror,760,25813,107.92,88.76,196.68,0.015,1311200.00%,19.6,,,http://www.the-numbers.com/movies/records/allbudgets.php
Paul Blart: Mall Cop ,Sony,33,50,Comedy,Action,3144,10125,146.33,36.95,183.28,26,704.92%,31.8,,,http://boxofficemojo.com/movies/?id=mallcop.htm
"Pirate Radio (The Boat that Rocked, UK)",Focus,60,72,Comedy,Comedy,882,3293,8.01,28.33,36.34,50,72.68%,2.9,,,http://boxofficemojo.com/movies/?id=boatthatrocked.htm
Planet 51 ,Independent,22,45,Comedy,Animation,3035,4048,42.19,63.45,105.64,70,150.91%,12.3,,,http://boxofficemojo.com/movies/?id=planet51.htm
Post Grad ,Fox,7,31,Maturation,Comedy,1959,1354,6.38,0.00,6.38,15,42.53%,2.6,,,http://www.the-numbers.com/movies/2009/POSTG.php
Public Enemies ,Universal,67,65,Underdog,Biography,3334,7580,97.1,117.00,214.10,100,214.10%,25.2,,,http://boxofficemojo.com/movies/?id=publicenemies.htm
Push ,Summit,22,47,Quest,Action,2313,4358,31.81,17.04,48.85,38,128.55%,10.1,,,http://boxofficemojo.com/movies/?id=push09.htm
Race to Witch Mountain ,Buena Vista,42,50,Quest,Action,3187,7651,67.17,39.21,106.38,50,212.76%,24.4,,,http://boxofficemojo.com/movies/?id=racetowitchmountain.htm
Saw VI ,Independent,40,67,Escape,Horror,3036,4650,27.69,40.50,68.19,11,619.91%,14.1,,,http://boxofficemojo.com/movies/?id=saw6.htm
Sherlock Holmes ,Warner Bros.,70,81,The Riddle,Action,3626,17183,209.02,315.00,524.02,90,582.24%,62.3,,,http://boxofficemojo.com/movies/?id=sherlockholmes.htm
Sorority Row ,Summit,22,38,Pursuit,Horror,2665,1899,11.97,15.24,27.21,12.5,217.68%,5.1,,,http://boxofficemojo.com/movies/?id=sororityrow.htm
Star Trek ,Paramount,94,91,Revenge,Action,3849,19539,257.7,127.95,385.65,140,275.46%,75.2,,,http://www.the-numbers.com/movies/records/allbudgets.php
State of Play ,Universal,84,71,The Riddle,Crime,2803,5020,37.02,51.32,88.30,60,147.00%,14.1,,,http://www.the-numbers.com/movies/2009/STPLY.php
Street Fighter: The Legend of Chun-Li ,Fox,16,28,Revenge,Action,1136,4156,9.14,3.20,12.34,50,24.68%,4.7,,,http://www.the-numbers.com/movies/2009/STRFT.php
Sunshine Cleaning ,Independent,72,59,Transformation,Comedy,642,1527,12.06,4.51,16.57,5,331.40%,0.9,,,http://www.the-numbers.com/movies/2009/SUNCL.php
Surrogates ,Buena Vista,39,42,Pursuit,Action,2951,5050,38.57,83.86,122.43,80,153.04%,14.9,,,http://boxofficemojo.com/movies/?id=surrogates.htm
Taken ,Fox,58,83,Pursuit,Action,3183,7765,145,81.80,226.80,25,907.20%,24.7,,,http://boxofficemojo.com/movies/?id=taken.htm
Taking Woodstock ,Focus,48,48,Quest,Comedy,1393,2482,7.5,2.50,10.00,29,34.48%,3.5,,,http://www.the-numbers.com/movies/records/allbudgets.php
Terminator Salvation ,Warner Bros.,33,64,Monster Force,Action,3530,12056,125.3,246.70,372.00,200,186.00%,42.6,,,http://boxofficemojo.com/movies/?id=terminatorsalvation.htm
The Blind Side ,Warner Bros.,65,90,Rags To Riches,Biography,3110,10971,255.8,53.24,309.04,29,1065.66%,34.1,Best Actress,,http://boxofficemojo.com/movies/?id=blindside.htm
The Box ,Warner Bros.,46,27,Temptation,Drama,2635,2873,15.1,18.28,33.38,30,111.27%,7.6,,,http://boxofficemojo.com/movies/?id=box09.htm
The Final Destination ,Warner Bros.,29,52,Escape,Horror,3121,8782,66.5,119.30,185.80,40,464.50%,27.4,,,http://www.the-numbers.com/movies/2009/FDES4.php
The Fourth Kind ,Universal,18,44,Monster Force,Mystery,2527,4840,25.48,22.22,47.70,10,477.00%,12.2,,,http://boxofficemojo.com/movies/?id=fourthkind.htm
The Hangover ,Warner Bros.,79,87,Comedy,Comedy,3269,13759,277.3,190.16,467.46,35,1335.60%,45,,,http://boxofficemojo.com/movies/?id=hangover.htm
The Haunting in Connecticut ,Lionsgate,17,51,Monster Force,Drama,2732,8420,55.39,22.13,77.52,30,258.40%,23,,,http://www.the-numbers.com/interactive/newsStory.php?newsID=4064
The Hurt Locker ,Independent,97,83,Quest,Drama,4,36338,17.01,32.21,49.22,15,328.13%,0.14,"Best Picture, Director, Original Screenplay","Film, Director, Original Screenplay",http://boxofficemojo.com/movies/?id=hurtlocker.htm
The Informant! ,Warner Bros.,78,42,Comedy,Comedy,2505,4177,33.31,8.45,41.76,22,189.82%,10.5,,,http://boxofficemojo.com/movies/?id=informant.htm
The International ,Sony,58,39,The Riddle,Action,2364,3947,25.4,34.70,60.10,50,120.20%,9.3,,,http://boxofficemojo.com/movies/?id=international.htm
The Invention of Lying ,Warner Bros.,56,47,Love,Comedy,1707,4117,18.45,13.95,32.40,18.5,175.14%,7,,,http://boxofficemojo.com/movies/?id=inventionoflying.htm
The Lovely Bones ,Paramount,32,57,Tragedy,Drama,2563,6635,44,50.78,94.78,65,145.82%,17,,,http://www.the-numbers.com/movies/2009/LVBON.php
The Men Who Stare at Goats ,Independent,52,43,Comedy,Comedy,2443,5201,32.4,36.54,68.94,25,275.76%,12.7,,,http://boxofficemojo.com/movies/?id=menwhostareatgoats.htm
The Pink Panther 2 ,Sony,12,47,Comedy,Adventure,3243,3573,35.92,40.02,75.94,59,128.71%,11.6,,,http://boxofficemojo.com/movies/?id=pinkpanther2.htm
The Princess and the Frog ,Disney,84,72,Metamorphosis,Animation,3434,7050,104.4,162.64,267.04,105,254.32%,24.2,,,http://www.the-numbers.com/movies/2009/FROGP.php
The Proposal ,Disney,43,74,Love,Comedy,3056,11004,164,150.70,314.70,40,786.75%,33.6,,,http://www.the-numbers.com/movies/records/allbudgets.php
The Road ,The Weinstein Company,75,65,Quest,Adventure,111,13534,7.9,19.51,27.41,25,109.64%,1.5,,,http://boxofficemojo.com/movies/?id=road08.htm
The Soloist ,Paramount,56,59,Quest,Drama,2024,4801,31.7,6.73,38.43,60,64.05%,9.7,,,http://www.the-numbers.com/movies/2009/SOLOS.php
The Stepfather,Sony,12,48,Rescue,Mystery,2734,4236,29.1,2.13,31.20,20,156.00%,11.6,,,http://www.boxofficemojo.com/movies/?id=stepfather09.htm
The Taking of Pelham 1 2 3 ,Sony,51,60,Rescue,Action,3074,7603,65.45,84.71,150.16,100,150.16%,23.37,,,http://boxofficemojo.com/movies/?id=takingofpelham09.htm
The Time Traveler's Wife ,Paramount,38,65,Love,Drama,2988,6233,63.41,37.92,101.33,39,259.82%,18.6,,,http://www.the-numbers.com/movies/records/allbudgets.php
The Twilight Saga: New Moon ,Summit,27,78,Love,Drama,4024,35497,296.62,413.20,709.82,50,1419.64%,142.8,,,http://boxofficemojo.com/movies/?id=newmoon.htm
The Ugly Truth ,Independent,14,68,Love,Comedy,2882,9579,88.9,116.40,205.30,38,540.26%,27.6,,,http://www.the-numbers.com/movies/records/allbudgets.php
The Unborn,Relativity Media,11,39,Monster Force,Horror,2357,8405,42.67,33.84,76.51,16,478.19%,19.8,,,http://boxofficemojo.com/movies/?id=unborn09.htm
The Uninvited ,Paramount,31,52,Monster Force,Drama,2344,4405,28.6,14.10,42.70,,,10.3,,,http://www.the-numbers.com/movies/2009/UNVIT.php
Transformers: Revenge of the Fallen ,Paramount,20,76,Revenge,Action,4234,25736,402.1,434.20,836.30,210,398.24%,109,,,http://www.the-numbers.com/movies/records/allbudgets.php
Underworld: Rise of the Lycans ,Sony,30,68,Rivalry,Action,2942,7080,45.8,45.55,91.35,35,261.00%,20.8,,,http://boxofficemojo.com/movies/?id=underworld3.htm
Up ,Disney,98,86,Journey and Return,Animation,3766,18085,293,438.30,731.30,175,417.89%,68.1,Animated,Animated,http://www.the-numbers.com/movies/2009/UP.php
Up in the Air ,Paramount,90,76,Maturation,Drama,1895,5947,83.82,83.00,166.82,25,667.28%,11.2,,Adapted Screenplay,http://boxofficemojo.com/movies/?id=upintheair.htm
Watchmen ,Warner Bros.,64,68,Sacrifice,Action,3611,15291,107.5,77.70,185.30,130,142.54%,55.2,,,http://boxofficemojo.com/movies/?id=watchmen.htm
Whatever Works ,Independent,50,63,Discovery,Comedy,9,29574,5.3,29.80,35.10,15,234.00%,0.26,,,http://www.the-numbers.com/movies/2009/WEVRW.php
Where the Wild Things Are ,Warner Bros.,73,59,Journey and Return,Adventure,3735,8754,77.23,21.89,99.12,100,99.12%,32.7,,,http://www.the-numbers.com/movies/2009/WILD.php
Whip It ,Independent,84,73,Maturation,Drama,1721,2702,13,3.00,16.00,15,106.67%,4.7,,,http://www.boxofficemojo.com/movies/?id=whipit.htm
Whiteout ,Warner Bros.,7,28,Pursuit,Action,2745,1791,10.3,1.90,12.20,35,34.86%,4.9,,,http://www.the-numbers.com/movies/records/allbudgets.php
X-Men Origins: Wolverine ,Fox,37,72,Revenge,Action,4099,20751,179.9,193.20,373.10,150,248.73%,85.1,,,http://boxofficemojo.com/movies/?id=wolverine.htm
Year One ,Sony,14,31,Quest,Adventure,3022,6489,43.33,19.02,62.35,60,103.92%,19.6,,,http://boxofficemojo.com/movies/?id=yearone.htm
Zombieland ,Sony,90,87,Monster Force,Action,3036,8147,75.59,27.20,102.79,23.6,435.55%,24.7,,,http://www.the-numbers.com/movies/2009/ZMBLN.php
Average,,49,57,,,"2,625","8,373",67,86,152,55,277.49%,21,,,,
MacGruber,Independent,47,33,Comedy,Action,2551,1585,8.53,0.8,9.33,10,93.30%,4,,,,
The Other Guys,Sony,78,57,Comedy,Action,3651,9735,119.22,51.05,170.27,100,170.27%,35.5,,,,
All About Steve ,Independent,6,35,Comedy,Comedy,2251,4994,33.86,6.26,40.12,15,267.47%,11.2,,,http://www.the-numbers.com/movies/2009/ABSTV.php,
Death at a Funeral,Independent,40,48,Comedy,Comedy,2459,6595,42.74,6.31,49.05,21,233.57%,16.2,,,,
Dinner for Schmucks,Paramount,43,47,Comedy,Comedy,2911,8082,73.03,13.38,86.41,69,125.23%,23.5,,,,
Due Date,Warner Bros.,40,56,Comedy,Comedy,3355,9743,99.65,100.9,200.55,50,401.10%,32.69,,,http://boxofficemojo.com/movies/?id=duedate.htm,
Furry Vengeance	,Summit,8,36,Comedy,Comedy,2997,2211,17.63,18.34,35.97,35,102.77%,6.6,,,,
Get Him to the Greek,Universal,73,63,Comedy,Comedy,2697,6515,60.97,30.42,91.39,40,228.48%,17.6,,,,
Grown Ups	,Independent,10,59,Comedy,Comedy,3534,11462,161.9,105.5,267.4,80,334.25%,40.5,,,,
I'm Still Here,Independent,52,38,Comedy,Comedy,120,,0.41,0.14,0.55,,,0.097,,,,
Knucklehead,WWE Studios,10,35,Comedy,Comedy,,,,,0,,,,,,,
Little Fockers,Independent,9,40,Comedy,Comedy,3536,8720,123.69,109.01,232.7,100,232.70%,30.83,,,,
Morning Glory,Independent,54,54,Comedy,Comedy,2518,3655,31.01,27.78,58.79,40,146.98%,9.2,,,,
Nanny McPhee Returns,Universal,77,54,Comedy,Comedy,2784,3020,29.01,64.23,93.24,35,266.40%,8.4,,,,
Please Give,Sony,88,62,Comedy,Comedy,,,4.03,0.23,4.26,3,142.00%,0.1,,,,
The Kids Are All Right,Independent,94,72,Comedy,Comedy,847,4162,20.81,8.55,29.36,4,734.00%,3.5,,,,
The Switch,Independent,52,44,Comedy,Comedy,2012,4193,27.78,19.95,47.73,19,251.21%,8.4,,,,
Tooth Fairy,Fox,16,46,Comedy,Comedy,3344,4190,60.02,52.34,112.36,48,234.08%,14,,,,
Vampires Suck,Independent,4,32,Comedy,Comedy,3233,3774,36.66,43.32,79.98,20,399.90%,12.2,,,,
Why Did I Get Married Too?,Lionsgate,27,67,Comedy,Comedy,2155,13591,60.09,0.58,60.67,20,303.35%,29.3,,,,
You Again,Independent,18,45,Comedy,Comedy,2548,3300,25.7,6.16,31.86,20,159.30%,8.4,,,,
Jackass 3-D,Paramount,63,72,Comedy,Documentary,3081,16343,117.19,52.76,169.95,20,849.75%,50.4,,,,
Daybreakers	,Lionsgate,67,50,Discovery,Action,2523,6003,30.1,21.31,51.41,20,257.05%,15.1,,,,
For Colored Girls,Independent,33,73,Discovery,Drama,2127,9167,37.69,17.32,55.01,21,261.95%,19.5,,,,
The Company Men,Independent,66,56,Discovery,Drama,,,,,0,,,,,,,
The Greatest,Independent,52,39,Discovery,Drama,,,0.11,0.3,0.41,6,6.83%,0.3,,,,
The Last Song,Disney,19,66,Discovery,Drama,2673,5989,62.95,26.09,89.04,20,445.20%,16,,,,
Charlie St. Cloud	,Universal,27,62,Discovery,Fantasy,2718,4555,31.16,14.93,46.09,44,104.75%,12.4,,,http://boxofficemojo.com/movies,
127 Hours,Independent,93,84,Escape,Adventure,916,2333,18.33,42.4,60.73,18,337.39%,2.13,,,http://boxofficemojo.com/movies/?id=127hours.htm,
Saw 3-D,Independent,10,47,Escape,Crime,2808,8024,45.71,76.8,122.51,20,612.55%,22.53,,,,
Buried,Independent,86,63,Escape,Drama,11,9115,1.04,17.33,18.37,2,918.50%,0.103,,,http://boxofficemojo.com/movies,
Tron: Legacy,Independent,50,67,Fish Out Of Water,Action,3451,12578,148.21,143.2,291.41,170,171.42%,44.03,,,,
Inception,Warner Bros.,86,93,Journey and Return,Action,3792,16557,292.58,531,823.58,160,514.74%,62.8,,,,
Alice in Wonderland,Disney,52,72,Journey and Return,Adventure,3728,31143,334.19,690.2,1024.39,200,512.20%,116.1,,,,
Hot Tub Time Machine,MGM,64,57,Journey and Return,Adventure,2754,5091,50.29,14.13,64.42,36,178.94%,14,,,,
Alpha and Omega,Crest,17,41,Journey and Return,Animation,2625,3469,25.12,4.8,29.92,20,149.60%,9.1,,,,
Shrek Forever After,Paramount,57,64,Journey and Return,Animation,4359,16251,238.74,510.06,748.8,165,453.82%,70.8,,,,
Gulliver's Travels,Fox,21,31,Journey and Return,Comedy,2546,2477,42,194,236,112,210.71%,6.3,,,,
Eat Pray Love	,Sony,36,46,Journey and Return,Drama,3082,7497,80.57,123.91,204.48,60,340.80%,23.1,,,,
Killers,Lionsgate,11,45,Love,Action,2859,5539,47.06,46.34,93.4,75,124.53%,15.8,,,,
Tangled,Disney,89,88,Love,Animation,3603,13535,175.78,179.3,355.08,260,136.57%,48.77,,,,
Going the Distance,Warner Bros.,53,56,Love,Comedy,3030,2272,17.8,24.25,42.05,32,131.41%,6.9,,,,
I Love You Phillip Morris,Independent,71,57,Love,Comedy,100,,1.44,18.66,20.1,15,134.00%,0.11,,,,
Just Wright,Fox,45,58,Love,Comedy,1831,4525,21.54,0.029,21.569,12,179.74%,8.3,,,http://forum.blu-ray.com/movies/141938-just-wright-review-thread-use-spoiler-tags.html. *NB unofficial budget figure - see links for sources,http://www.shadowandact.com/?p=23430
Leap Year,Universal,21,49,Love,Comedy,2511,3665,25.9,6.69,32.59,19,171.53%,9.2,,,,
Letters to Juliet,Summit,40,62,Love,Comedy,2968,4562,53.03,26.15,79.18,30,263.93%,13.5,,,,
Life as We Know It,Independent,28,62,Love,Comedy,3150,4605,53.13,43.03,96.16,38,253.05%,14.5,,,,
Love & Other Drugs,Fox,48,55,Love,Comedy,2455,3967,31.68,22.85,54.53,30,181.77%,9.74,,,,
Our Family Wedding,Independent,14,49,Love,Comedy,1605,4754,20.26,1.11,21.37,,,7.6,,,,
Sex and the City 2,Warner Bros.,15,49,Love,Comedy,3445,8999,95.35,193,288.35,100,288.35%,31,,,,
She's Out of My League,Paramount,57,60,Love,Comedy,2956,3307,32.01,16.8,48.81,20,244.05%,9.8,,,,
The Back-up Plan,CBS,20,47,Love,Comedy,3280,3720,37.49,39.6,77.09,35,220.26%,12.2,,,,
Valentine's Day,Warner Bros.,17,54,Love,Comedy,3655,15351,110.49,107.08,217.57,52,418.40%,56.2,,,,
When in Rome,Disney,15,44,Love,Comedy,2456,5029,32.68,10.36,43.04,,,12.3,,,,
You Will Meet a Tall Dark Stranger,Independent,43,35,Love,Comedy,402,,3.24,23.42,26.66,22,121.18%,0.16,,,,
Youth in Revolt,The Weinstein Company,68,52,Love,Comedy,1873,3678,15.28,4.34,19.62,18,109.00%,6.9,,,,
Dear John,Sony,29,66,Love,Drama,2969,10262,80.01,34.96,114.97,25,459.88%,30.4,,,,
Remember Me,Summit,28,70,Love,Drama,2212,3657,19.07,36.79,55.86,16,349.13%,8,,,,
Despicable Me,Universal,81,81,Maturation,Animation,3476,16225,251.38,290.5,541.88,69,785.33%,56.4,,,,
The King's Speech,Independent,95,93,Maturation,Biography,700,6406,138.79,288.57,427.36,15,2849.07%,4.4,"Best Picture, Director,  Actor, Orig. Screenplay",,http://www.the-numbers.com/movie/Kings-Speech-The,
The Runaways,Independent,68,56,Maturation,Biography,244,3300,3.57,1.11,4.68,10,46.80%,0.8,,,,
Barry Munday,Independent,43,43,Maturation,Comedy,,,,,,,,,,,,
Easy A,Sony,85,75,Maturation,Comedy,2856,6209,58.4,15.24,73.64,8,920.50%,17.7,,,,
Legion,Independent,19,36,Monster Force,Action,2476,7069,40.17,27.74,67.91,26,261.19%,17.5,,,,
Predators,Fox,64,52,Monster Force,Action,2669,9277,52,74.74,126.74,40,316.85%,24.8,,,,
Resident Evil: Afterlife,Highlight Communications,24,53,Monster Force,Action,3203,8320,60.13,236.09,296.22,60,493.70%,26.7,,,,
Skyline,Independent,16,19,Monster Force,Action,2880,4060,21.39,33.87,55.26,10,552.60%,11.69,,,,
Piranha 3-D,The Weinstein Company,74,45,Monster Force,Comedy,2470,4092,25,54.78,79.78,24,332.42%,10.1,,,http://www.the-numbers.com/movies/2009/ABSTV.php,
The Last Exorcism,Independent,73,32,Monster Force,Drama,2874,7087,41.03,25.42,66.45,1.8,3691.67%,20.4,,,,
The Twilight Saga: Eclipse	,Summit,50,74,Monster Force,Drama,4468,14510,300.53,393.05,693.58,68,1019.97%,64.8,,,,
The Wolfman,Universal,33,38,Monster Force,Drama,3222,9770,61.98,77.81,139.79,150,93.19%,31.5,,,,
A Nightmare on Elm Street,Warner Bros.,13,40,Monster Force,Horror,3332,9875,63.08,52.59,115.67,35,330.49%,32.9,,,,
Case 39,Independent,23,42,Monster Force,Horror,2211,2420,13.26,14.93,28.19,26,108.42%,5.4,,,http://boxofficemojo.com/movies,
Devil,Independent,52,45,Monster Force,Horror,2809,4375,33.6,23.23,56.83,10,568.30%,12.3,,,,
My Soul to Take,Relativity Media,9,29,Monster Force,Horror,2572,2660,14.74,5.09,19.83,25,79.32%,6.84,,,,
Paranormal Activity 2,Paramount,,,Monster Force,Horror,3216,12649,84.75,92.75,177.5,3,5916.67%,40.67,,,http://boxofficemojo.com/movies/?id=paranormalactivity2.htm,
The Crazies,Liberty Starz,72,54,Monster Force,Horror,2476,6489,39.12,15.47,54.59,20,272.95%,16.07,,,http://boxofficemojo.com/movies/?id=crazies.htm,
Cats & Dogs: The Revenge of Kitty Galore,Independent,13,43,Pursuit,Action,3705,3314,43.59,68.9,112.49,85,132.34%,12.3,,,http://boxofficemojo.com/movies,
From Paris with Love,Independent,38,57,Pursuit,Action,2722,2997,24.08,28.72,52.8,52,101.54%,8.2,,,,
Knight and Day,Fox,53,52,Pursuit,Action,3098,6501,76.42,185.26,261.68,117,223.66%,20.2,,,,
The A-Team,Fox,47,71,Pursuit,Action,3535,7262,77.22,99.81,177.03,100,177.03%,25.7,,,,
The Expendables,Independent,40,58,Pursuit,Action,3270,10650,103.07,171.4,274.47,82,334.72%,34.8,,,,
The Sorcerer's Apprentice,Disney,42,57,Pursuit,Action,3504,5028,63.15,152.13,215.28,150,143.52%,17.6,,,,
Date Night,Fox,66,58,Pursuit,Comedy,3374,7471,98.71,53.55,152.26,55,276.84%,25.2,,,http://boxofficemojo.com/movies,
Clash of the Titans,Warner Bros.,28,48,Quest,Action,3777,16213,163.21,330,493.21,125,394.57%,61.2,,,http://boxofficemojo.com/movies,
Green Zone,Universal,53,60,Quest,Action,3003,4765,35.05,59.82,94.87,100,94.87%,14.3,,,,
The Book of Eli        ,Independent,48,68,Quest,Action,3111,10540,94.84,58.62,153.46,80,191.83%,32.7,,,,
The Last Airbender,Paramount,6,42,Quest,Action,3169,12725,131.77,187.35,319.12,150,212.75%,40.3,,,,
Harry Potter and the Deathly Hallows Part 1,Warner Bros.,79,87,Quest,Adventure,4125,30307,295,660,955,125,764.00%,125,,,http://boxofficemojo.com/movies,
The Chronicles of Narnia: The Voyage of the Dawn Treader,Fox,49,63,Quest,Adventure,3555,6752,104,311,415,155,267.74%,24,,,,
Winter's Bone,Independent,94,73,Quest,Drama,,,6.25,1.54,7.79,2,389.50%,0.8,,,,
The Social Network,Sony,96,89,Rags to Riches,Biography,2771,8100,94.08,105.52,199.6,50,399.20%,22.4,,,,
Burlesque,Paramount,36,66,Rags to Riches,Drama,3037,3934,38.24,17.84,56.08,55,101.96%,11.95,,,http://boxofficemojo.com/movies/?id=burlesque.htm,
Country Strong,Sony,20,56,Rags to Riches,Drama,1424,5145,20.21,0.31,20.52,15,136.80%,7.33,,,,
Repo Men,Universal,22,43,Rescue,Action,2521,2430,13.79,4.62,18.41,32,57.53%,6.1,,,,
Unstoppable,Fox,86,73,Rescue,Action,3207,7075,81.56,87.94,169.5,95,178.42%,22.69,,,,
Toy Story 3,Disney,99,91,Rescue,Animation,4028,27385,415,648.16,1063.16,200,531.58%,110.3,,,,
Conviction,Independent,68,71,Rescue,Biography,672,2424,6.79,2.92,9.71,12.5,77.68%,1.62,,,http://boxofficemojo.com/movies,
The Next Three Days,Lionsgate,51,66,Rescue,Crime,2564,2552,21.15,20.6,41.75,30,139.17%,6.54,,,,
Faster	,CBS,41,50,Revenge,Action,2454,3873,22.94,1.97,24.91,24,103.79%,8.52,,,,
Jonah Hex,Warner Bros.,13,24,Revenge,Action,2825,1904,10.55,0.36,10.91,47,23.21%,5.4,,,,
Machete,Independent,73,66,Revenge,Action,2670,4276,26.59,15.55,42.14,20,210.70%,11,,,,
Salt,Sony,62,62,Revenge,Action,3612,9970,118.31,175.19,293.5,110,266.82%,36,,,,
The Losers,Warner Bros.,47,55,Revenge,Action,2936,3204,23.59,5.79,29.38,25,117.52%,9.4,,,,
True Grit,Paramount,96,86,Revenge,Adventure,3047,8149,171,81.03,252.03,38,663.24%,24,,,,
Edge of Darkness,Warner Bros.,55,56,Revenge,Crime,3066,5615,43.31,37.81,81.12,80,101.40%,17.2,,,,
Iron Man 2,Paramount,74,80,Rivalry,Action,4380,29252,312.43,309.62,622.05,200,311.03%,128.1,,,,
Kick-Ass,Independent,76,83,Rivalry,Action,3065,6469,48.07,48.06,96.13,30,320.43%,19.8,,,,
Percy Jackson & the Olympians: The Lightning Thief,Fox,50,57,Rivalry,Action,3356,9308,88.77,137.73,226.5,95,238.42%,31.2,,,,
Prince of Persia: The Sands of Time,Disney,36,71,Rivalry,Action,3646,8254,90.76,244.39,335.15,200,167.58%,30,,,,
Red,Summit,71,72,Rivalry,Action,3255,6686,89.84,74.58,164.42,58,283.48%,21.8,,,,
Robin Hood,Universal,42,59,Rivalry,Action,3503,10295,105.27,216.4,321.67,200,160.84%,36,,,,
Takers,Sony,27,57,Rivalry,Action,2206,9298,57.74,10.42,68.16,32,213.00%,20.5,,,,
The Bounty Hunter,Sony,7,41,Rivalry,Action,3074,6729,67.06,69.26,136.32,40,340.80%,20.7,,,http://boxofficemojo.com/movies,
The Spy Next Door,Relativity Media,13,46,Rivalry,Action,2924,3326,24.31,19.27,43.58,,,9.7,,,,
Legend of the Guardians: The Owls of Ga'Hoole,Warner Bros.,51,65,Rivalry,Animation,3575,4507,55.64,84.26,139.9,80,174.88%,16.1,,,,
Cyrus,Independent,80,51,Rivalry,Comedy,4,45429,7.47,2.45,9.92,7,141.71%,0.18,,,http://boxofficemojo.com/movies,
Marmaduke,Fox,9,46,Rivalry,Comedy,3213,3610,33.64,49.71,83.35,50,166.70%,11.6,,,,
The American,Universal,66,37,Rivalry,Crime,2823,4668,35.61,10.39,46,20,230.00%,13.1,,,,
The Town,Warner Bros.,94,83,Rivalry,Crime,2856,8322,92.18,52.37,144.55,37,390.68%,23.8,,,,
Stone,Independent,49,20,Rivalry,Drama,6,12628,1.81,6.59,8.4,22,38.18%,0.075,,,,
Wall Street: Money Never Sleeps,Independent,54,43,Rivalry,Drama,3565,5333,52.47,78.16,130.63,70,186.61%,19,,,,
Hachiko: A Dog's Story,Independent,58,85,Sacrifice,Drama,,,0,40.26,40.26,16,251.63%,18,,,,
Brooklyn's Finest,Independent,42,47,Temptation,Action,1936,6896,27.2,9.15,36.35,17,213.82%,13.4,,,http://boxofficemojo.com/movies,
The Joneses,Independent,61,47,Temptation,Comedy,,,1.48,0.49,1.97,10,19.70%,0.51,,,http://www.imdb.com/title/tt1285309/,
Cop Out,Warner Bros.,19,45,The Riddle,Action,3150,5781,44.88,10.64,55.52,30,185.07%,18.21,,,http://boxofficemojo.com/movies,
The Killer Inside Me,Independent,56,41,The Riddle,Crime,,,0.22,3.36,3.58,13,27.54%,11.1,,,,
All Good Things,Independent,33,64,The Riddle,Drama,2,18500,0.58,0.062,0.642,20,3.21%,0.037,,,http://www.wikipedia.org,
Shutter Island,Paramount,68,73,The Riddle,Drama,2991,13729,128.01,166.79,294.8,80,368.50%,41,,,,
The Ghost Writer,Summit,83,68,The Riddle,Mystery,819,2520,15.54,44.48,60.02,45,133.38%,2,,,,
Never Let Me Go,Independent,70,70,Tragedy,Drama,4,,2.43,7.3,9.73,15,64.87%,0.11,,,,
Megamind,Paramount,72,73,Transformation,Animation,3944,11668,144.67,173.46,318.13,130,244.72%,46.02,,,,
City Island,Independent,81,77,Transformation,Comedy,2,16000,6.67,1.19,7.86,6,131.00%,0.032,,,http://boxofficemojo.com/movies,
Greenberg,Independent,75,40,Transformation,Comedy,3,39384,4.23,1.92,6.15,,,0.11,,,,
Mother and Child,Independent,79,61,Transformation,Drama,4,,1.11,3.76,4.87,7,69.57%,0.43,,,,
Step Up 3D,Summit,46,67,Transformation,Drama,2435,6494,42.4,116.75,159.15,30,530.50%,15.8,,,http://www.the-numbers.com/movies/2009/ABSTV.php,
Scott Pilgrim vs. the World,Universal,81,83,Underdog,Action,2818,3765,31.52,16.05,47.57,60,79.28%,10.6,,,,
The Karate Kid,Sony,66,75,Underdog,Action,3663,15197,176.59,182.53,359.12,40,897.80%,55.7,,,,
How to Train Your Dragon,Paramount,98,90,Underdog,Animation,4055,10785,217.58,277.3,494.88,165,299.93%,43.7,,,,
Diary of a Wimpy Kid,Independent,53,49,Underdog,Comedy,3077,7191,64,11.7,75.7,15,504.67%,22.1,,,,
Extraordinary Measures	,CBS,27,55,Underdog,Drama,2549,2359,12.07,3.07,15.14,31,48.84%,6,,,,
The Fighter,Paramount,91,88,Underdog,Drama,2503,4848,93,35,128,25,512.00%,12,"Sup. Actor, Sup. Actress",,,
Solitary Man,Independent,81,47,Wretched Excess,Comedy,4,23734,4.36,0.7,5.06,15,33.73%,0.09,,,,
Black Swan        ,Fox,88,86,Wretched Excess,Drama,959,8742,106.95,222.44,329.39,13,2533.77%,8.38,Best Actress,,,
Yogi Bear,,14,36,,Comedy,3515,4669,100.24,102.03,202.27,80,252.84%,16.4,,,http://boxofficemojo.com/movies/?id=yogibear.htm,
The Tourist,Sony,20,44,,Thriller,2756,5977,67,210,277,100,277.00%,16,,,,
50/50,Independent,93,93,Discovery,Comedy,2458,3517,34.9,1.62,36.51,8,456.39%,8.64,,,http://boxofficemojo.com/movies/?id=50fifty.htm
A Dangerous Method,Independent,79,89,Love,Drama,,,0.54,8.44,8.97,20,44.86%,0.17,,,http://boxofficemojo.com/movies/?id=dangerousmethod.htm
A Very Harold and Kumar Christmas,Lionsgate,72,71,Comedy,Comedy,2875,4506,34.04,??,34.04,19,179.18%,12.95,,,http://boxofficemojo.com/movies/?id=haroldandkumar3.htm
Abduction,Vertigo Entertainment,4,46,Maturation,Action,3118,3504,28.07,54,82.07,35,234.48%,10.93,,,http://boxofficemojo.com/movies/?id=abduction11.htm
Albert Nobbs,Independent,53,43,,Drama,245,2841,2.75,0,2.75,8,34.38%,0.69,,,http://boxofficemojo.com/movies/?id=albertnobbs.htm
Anonymous,Relativity Media,46,66,Tragedy,Drama,265,3856,4.46,9.73,14.19,30,47.30%,1.02,,,http://boxofficemojo.com/movies/?id=anonymous.htm
Another Earth,Independent,63,74,Temptation,Fantasy,,,1.32,0.45,1.77,0.2,885.50%,0.08,,,http://boxofficemojo.com/movies/?id=anotherearth.htm
Apollo 18,Weinstein Company,23,31,Monster Force,Horror,3328,2615,17.69,7.88,25.56,5,511.24%,8.7,,,http://boxofficemojo.com/movies/?id=apollo18.htm
Arthur,Warner Bros,26,49,Sacrifice,Comedy,3276,3731,33.04,12.7,45.74,40,114.34%,12.22,,,http://boxofficemojo.com/movies/?id=arthur2011.htm
Arthur Christmas,Aardman Animations,92,82,Journey and Return,Animation,3376,3537,46.46,100.95,147.41,150,98.27%,12.07,,,http://latimesblogs.latimes.com/entertainmentnewsbuzz/2011/11/muppets-arthur-christmas-hugo-box-office.html
Average,,54,62,,,"2,690","8,405",66,104,163,55,296.26%,21,,,
Bad Teacher,Independent,44,38,Comedy,Comedy,3049,10365,100.29,115.9,216.2,20,1080.98%,31.6,,,http://boxofficemojo.com/movies/?id=badteacher.htm
Battle: Los Angeles,Relativity Media,35,50,Monster Force,Action,3417,10411,83.55,128.27,211.82,70,302.60%,35.57,,,http://boxofficemojo.com/movies/?id=battlelosangeles.htm
Beastly,CBS Films,19,50,Metamorphosis,Romance,1952,5047,27.87,0.97,28.83,17,169.61%,9.85,,,http://boxofficemojo.com/movies/?id=beastly.htm
Beginners,Independent,84,80,Love,Comedy,5,28268,5.79,8.52,14.31,3.2,447.19%,0.14,supporting actor,,http://boxofficemojo.com/movies/?id=beginners.htm
Bridesmaids,Relativity Media,90,77,Rivalry,Comedy,2918,8995,169.11,119.28,288.38,32.5,887.33%,26.25,,,http://boxofficemojo.com/movies/?id=wiigapatow.htm
Captain America: The First Avenger,Disney,78,75,Metamorphosis,Action,3715,17512,176.65,191.75,368.4,140,263.15%,65.06,,,http://boxofficemojo.com/movies/?id=captainamerica.htm
Cars 2,Pixar,38,56,Fish Out Of Water,Animation,4115,16072,191.45,360.4,551.85,200,275.93%,66.14,,,http://boxofficemojo.com/movies/?id=cars2.htm
Cedar Rapids,20th Century Fox,86,61,Maturation,Comedy,15,20198,6.86,,6.86,10,68.61%,0.3,,,http://qctimes.com/news/local/article_b7491eb8-3d68-11e0-b394-001cc4c03286.html
Colombiana,Sony,28,55,Revenge,Action,2614,3982,36.67,24.3,60.97,40,152.41%,10.41,,,http://boxofficemojo.com/movies/?id=colombiana.htm
Conan the Barbarian,Lionsgate,22,34,Quest,Action,3015,3324,21.3,27.5,48.8,90,54.22%,10.02,,,http://boxofficemojo.com/movies/?id=conan3d.htm
Contagion,Warner Bros,84,63,The Riddle,Thriller,3222,6935,75.66,59.8,135.46,60,225.76%,22.4,,,http://boxofficemojo.com/movies/?id=contagion.htm
Cowboys and Aliens,Universal,44,50,Monster Force,Action,3750,9715,100.24,74.58,174.82,163,107.25%,36.43,,,http://boxofficemojo.com/movies/?id=cowboysandaliens.htm
"Crazy, Stupid, Love",Warner Bros,78,81,Discovery,Romance,3020,6326,84.34,58.5,142.84,50,285.68%,19.1,,,http://boxofficemojo.com/movies/?id=crazystupidlove.htm
Diary of a Wimpy Kid 2: Rodrick Rules,20th Century Fox,47,63,Comedy,Comedy,3167,7500,52.7,19.72,72.42,21,344.84%,23.75,,,http://boxofficemojo.com/movies/?id=diaryofawimpykid2.htm
Dolphin Tale,Independent,84,81,Quest,Drama,3507,5461,71.08,16.86,87.95,37,237.69%,19.15,,,http://boxofficemojo.com/movies/?id=dolphintale.htm
Don't Be Afraid Of The Dark,Miramax Films,59,37,Monster Force,Horror,2760,3089,24.05,7.5,31.55,25,126.18%,8.53,,,http://boxofficemojo.com/movies/?id=dontbeafraidofthedark.htm
Dream House,Morgan Creek Productions,7,38,The Riddle,Horror,2661,3055,21.3,17.2,38.5,50,77.00%,8.13,,,http://boxofficemojo.com/movies/?id=dreamhouse.htm
Drive,Independent,93,79,Rivalry,Thriller,2886,3929,34.68,32.33,67.01,15,446.71%,11.34,,,http://boxofficemojo.com/movies/?id=drive2011.htm
Drive Angry,Independent,45,38,Rescue,Action,2290,2265,10.72,18.21,28.93,45,64.29%,5.19,,,http://latimesblogs.latimes.com/entertainmentnewsbuzz/2011/02/movie-projector-hall-pass-farrelly-brothers-drive-angry-nicolas-cage.html
Dylan Dog: Dead of Night,Independent,6,28,Monster Force,Horror,,,1.19,3.45,4.63,20,23.17%,0.75,,,http://boxofficemojo.com/movies/?id=dylandog.htm
Everything Must Go,Reliance Entertainment,74,53,Discovery,Drama,218,3652,2.71,,2.71,5,54.22%,0.79,,,http://boxofficemojo.com/movies/?id=everythingmustgo.htm
Extremely Loud and Incredibly Close,Warner Bros.,47,62,,Drama,2630,3820,31.59,14.4,45.99,40,114.98%,10.04,,,http://boxofficemojo.com/movies/?id=extremelyloud.htm
Fast Five,Universal,78,83,Escape,Action,3644,23655,209.83,416.3,626.13,125,500.90%,86.19,,,
Final Destination 5,New Line Cinema,61,56,Monster Force,Horror,3155,5715,42.59,115.3,157.89,40,394.72%,18.03,,,http://boxofficemojo.com/movies/?id=finaldestination5.htm
Footloose,Spyglass Entertainment,71,71,Transformation,Drama,3549,4383,51.16,10.9,62.05,24,258.55%,15.56,,,http://boxofficemojo.com/movies/?id=footloose2010.htm
Friends With Benefits,Warner Bros,71,68,Temptation,Romance,2926,6364,55.8,93.74,149.54,35,427.26%,18.62,,,http://boxofficemojo.com/movies/?id=friendswithbenefits10.htm
Fright Night,DreamWorks,75,68,Rivalry,Horror,3114,2477,18.3,18.8,37.1,30,123.67%,7.71,,,http://boxofficemojo.com/movies/?id=frightnight2011.htm
Gnomeo and Juliet,Disney,56,52,Love,Animation,2994,8469,99.97,94,193.97,36,538.80%,25.36,,,http://www.imdb.com/title/tt0377981/
Green Lantern,Warner Bros,27,48,Metamorphosis,Action,3816,13935,116.6,103.25,219.85,200,109.93%,53.17,,,http://boxofficemojo.com/movies/?id=greenlantern.htm
Hall Pass,Warner Bros,35,44,Temptation,Comedy,2950,4588,45.06,38.1,83.16,36,231.00%,13.54,,,http://boxofficemojo.com/movies/?id=hallpass.htm
Hanna,Universal,71,67,Quest,Action,2535,4880,40.26,23.52,63.78,30,212.60%,12.37,,,http://boxofficemojo.com/movies/?id=hanna.htm
Happy Feet 2,Village Roadshow Pictures,41,59,Journey and Return,Animation,3606,5889,57.31,49.2,106.51,135,78.89%,21.24,,,http://boxofficemojo.com/movies/?id=happyfeet2.htm
Harry Potter and the Deathly Hallows Part 2,Warner Bros,96,92,Rivalry,Fantasy,4375,38672,381.01,947.1,"1,328.11",125,1062.49%,169.19,,,http://boxofficemojo.com/movies/?id=harrypotter72.htm
Hesher,Independent,54,68,Wretched Excess,Drama,,,0.38,??,0.38,7,5.46%,0.13,,,http://boxofficemojo.com/movies/?id=hesher.htm
Hop,Relativity Media,26,50,Fish Out Of Water,Animation,3579,10490,108.09,75.87,183.95,63,291.99%,37.54,,,http://boxofficemojo.com/movies/?id=ihop.htm
Horrible Bosses,Warner Bros,69,72,Revenge,Comedy,3040,9310,117.54,92.1,209.64,35,598.97%,28.3,,,http://boxofficemojo.com/movies/?id=horriblebosses.htm
Hugo,Paramount,93,84,,Adventure,1277,8899,62.08,34.6,96.68,150,64.45%,11.36,,,
I Am Number Four,Paramount,32,57,Maturation,Thriller,3154,6167,55.1,89.4,144.5,60,240.83%,19.45,,,http://boxofficemojo.com/movies/?id=iamnumberfour.htm
Immortals,Relativity Media,36,59,Revenge,Action,3112,10349,80.49,102,182.49,75,243.31%,32.21,,,http://boxofficemojo.com/movies/?id=warofgods.htm
In Time,Regency Enterprises,38,55,The Riddle,Thriller,3122,3860,36.49,90.9,127.39,40,318.48%,12.05,,,http://boxofficemojo.com/movies/?id=now.htm
Insidious,Sony,67,65,Monster Force,Horror,2408,5511,54.01,43,97.01,1.5,6467.27%,13.27,,,http://boxofficemojo.com/movies/?id=insidious.htm
J.Edgar,Warner Bros,42,84,Wretched Excess,Drama,1910,5873,37.39,35.8,73.19,35,209.11%,11.22,,,http://boxofficemojo.com/movies/?id=jedgar.htm
Jack and Jill,Happy Madison,4,59,Comedy,Comedy,3438,7273,73.83,51.1,124.93,79,158.14%,25,,,http://boxofficemojo.com/movies/?id=jackandjill.htm
Jane Eyre,Universal,85,77,Love,Romance,,,11.24,18.91,30.15,,,0.18,,,
Johnny English Reborn,Relativity Media,38,55,Comedy,Comedy,1552,2470,8.31,149.63,157.94,45,350.98%,3.83,,,http://boxofficemojo.com/movies/?id=johnnyenglish2.htm
Just Go With It,Happy Madison,19,63,Comedy,Romance,3548,8601,103.03,111.92,214.95,80,268.68%,30.51,,,http://boxofficemojo.com/movies/?id=thepretendwife.htm
Killer Elite,Independent,25,48,Rivalry,Action,2986,3132,25.12,27.84,52.96,70,75.66%,9.35,,,http://boxofficemojo.com/movies/?id=killerelite.htm
Kung Fu Panda 2,DreamWorks Animation,82,80,Rivalry,Animation,3925,12142,165.25,497.78,663.02,150,442.02%,47.66,,,http://boxofficemojo.com/movies/?id=kungfupanda2.htm
Larry Crowne,Universal,34,46,Discovery,Drama,2973,4405,35.61,16.8,52.41,30,174.69%,13.1,,,http://boxofficemojo.com/movies/?id=larrycrowne.htm
Limitless,Virgin,69,73,Wretched Excess,Thriller,2756,6860,79.25,82.6,161.85,27,599.44%,18.91,,,http://boxofficemojo.com/movies/?id=darkfields.htm
Machine Gun Preacher,Lionsgate,29,71,Transformation,Action,,,0.54,0.57,1.1,30,3.68%,0.05,,,http://boxofficemojo.com/movies/?id=machinegunpreacher.htm
Margin Call,Independent,86,73,Sacrifice,Thriller,,,4.94,3.93,8.87,3.5,253.40%,0.56,,,http://boxofficemojo.com/movies/?id=margincall.htm
Mars Needs Moms,Disney,36,43,Rescue,Animation,3117,2218,21.39,17.6,38.99,150,25.99%,6.91,,,http://boxofficemojo.com/movies/?id=marsneedsmoms.htm
Midnight in Paris,Sony,93,84,Love,Romance,944,6177,56.8,91.86,148.66,17,874.47%,5.83,orig. screenplay,,http://boxofficemojo.com/movies/?id=midnightinparis.htm
Mission Impossible 4,Paramount,93,86,Pursuit,Action,3448,8672,208.38,480.4,688.78,145,475.02%,29.55,,,http://boxofficemojo.com/movies/?id=mi4.htm
Moneyball,Columbia,95,89,Underdog,Drama,2993,6516,75.6,32.5,108.1,50,216.20%,19.5,,,http://boxofficemojo.com/movies/?id=moneyball.htm
Monte Carlo,20th Century Fox,38,50,Love,Romance,2473,3014,23.18,16.48,39.66,20,198.32%,7.45,,,http://boxofficemojo.com/movies/?id=montecarlo.htm
Mr. Popper's Penguins,20th Century Fox,47,54,Discovery,Comedy,3339,5524,68.22,119.14,187.36,55,340.65%,18.45,,,http://boxofficemojo.com/movies/?id=mrpopperspenguins.htm
My Week with Marilyn,The Weinstein Company,83,84,Love,Drama,247,7174,5.31,2.95,8.26,10,82.58%,1.75,,,http://latimesblogs.latimes.com/entertainmentnewsbuzz/2011/11/muppets-arthur-christmas-hugo-box-office.html
Never Back Down 2: The Beatdown,Sony,?,44,Rivalry,Action,,,,,,3,0.00%,8.6,,,http://www.imdb.com/title/tt1754264/
New Year's Eve,Warner Bros.,8,48,Love,Romance,3505,3714,54.54,87.5,142.04,56,253.64%,13.01,,,http://boxofficemojo.com/movies/?id=newyearseve.htm
No Strings Attached,Spyglass Entertainment,49,57,Comedy,Comedy,3018,6512,70.6,77.1,147.7,25,590.80%,19.7,,,http://boxofficemojo.com/movies/?id=friendswithbenefits.htm
One Day,Independent,37,54,Love,Romance,1719,2955,13.84,41.4,55.24,15,368.27%,5.08,,,http://boxofficemojo.com/movies/?id=oneday.htm
Our Idiot Brother,The Weinstein Company,68,79,Comedy,Comedy,2555,2744,24.82,,24.82,5,496.32%,7.01,,,http://boxofficemojo.com/movies/?id=ouridiotbrother.htm
Paranormal Activity 3,Independent,68,58,Monster Force,Horror,3321,15829,103.66,98.24,201.9,5,4037.94%,52.57,,,http://boxofficemojo.com/movies/?id=paranormalactivity3.htm
Paul,Relativity,72,70,Comedy,Comedy,2802,4655,37.41,60.57,97.98,40,244.96%,13.04,,,http://boxofficemojo.com/movies/?id=paul.htm
"Pirates of the Caribbean:
On Stranger Tides",Disney,34,61,Quest,Action,4155,21697,241.07,802.8,"1,043.87",250,417.55%,90.15,,,http://boxofficemojo.com/movies/?id=piratesofthecaribbean4.htm
Priest,Sony,17,37,Monster Force,Action,2864,5221,29.14,49.17,78.31,60,130.51%,14.95,,,http://boxofficemojo.com/movies/?id=priest07.htm
Puss In Boots,DreamWorks,83,76,Quest,Animation,3952,8623,148.76,373.5,522.26,130,401.74%,34.08,,,http://boxofficemojo.com/movies/?id=pussinboots12.htm
Rango,Paramount,88,69,Fish Out Of Water,Animation,3917,9722,123.26,121.9,245.15,135,181.60%,38.08,,,http://boxofficemojo.com/movies/?id=rango.htm
Real Steel,DreamWorks Pictures,58,81,Underdog,Action,3440,7942,83.61,186.2,269.81,110,245.28%,27.32,,,http://latimesblogs.latimes.com/entertainmentnewsbuzz/2011/10/movie-projector-real-steel-ides-of-march.html
Red Riding Hood,Warner Bros,11,41,Monster Force,Horror,3030,4622,37.66,51.5,89.16,42,212.29%,14.01,,,http://boxofficemojo.com/movies/?id=redridinghood.htm
Red State,Independent,57,59,Escape,Horror,,,1.1,?,1.1,4,27.60%,,,,http://www.movieline.com/2011/04/how-kevin-smiths-red-state-earned-back-its-budget-six-months-before-release.php
Rio,20th Century Fox,71,73,Quest,Animation,3826,10252,143.62,341.02,484.63,90,538.48%,39.23,,,http://boxofficemojo.com/movies/?id=rio.htm
Rise of the Planet of the Apes,20th Century Fox,83,87,Revenge,Action,3648,15024,176.7,304.52,481.23,93,517.45%,54.81,,,http://boxofficemojo.com/movies/?id=riseoftheapes.htm
Sanctum,Relativity Media,30,39,Quest,Action,2787,3390,23.2,85.4,108.6,30,362.00%,9.4,,,http://boxofficemojo.com/movies/?id=sanctum.htm
Scream 4,Weinstein Company,58,57,Monster Force,Horror,3305,5656,38.18,58.96,97.14,40,242.84%,18.69,,,http://boxofficemojo.com/movies/?id=scream4.htm
Season Of The Witch,Relativity ,10,32,Monster Force,Action,2816,3769,24.8,66.8,91.6,40,229.00%,10.6,,,http://boxofficemojo.com/movies/?page=main&id=seasonofthewitch.htm
Shame,Independent,80,80,,Drama,10,34952,3.87,10.09,13.96,6.5,214.77%,0.34,,,http://boxofficemojo.com/movies/?id=shame.htm
Shark Night 3D,Relativity,16,25,Escape,Horror,2806,2995,18.88,19.83,38.7,25,154.81%,8.4,,,http://boxofficemojo.com/movies/?id=shark3d.htm
Sherlock Holmes 2,Warner Bros,60,79,Pursuit,Action,3703,10704,186.36,335.6,521.96,125,417.57%,39.63,,,
Something Borrowed,Independent,?,?,Love,Romance,2904,4802,39.05,21.14,60.18,35,171.95%,13.95,,,http://boxofficemojo.com/movies/?id=somethingborrowed.htm
Soul Surfer,Sony,46,79,Underdog,Drama,2214,4789,43.85,0.41,44.27,18,245.93%,10.6,,,http://boxofficemojo.com/movies/?id=soulsurfer.htm
Source Code,Summit Entertainment,92,81,The Riddle,Thriller,2961,5002,54.71,68.57,123.28,32,385.24%,14.81,,,http://boxofficemojo.com/movies/?id=sourcecode.htm
Spy Kids: All The Time in the World,Weinstein Company,22,40,Quest,Action,3295,3534,38.54,35.54,74.08,27,274.37%,11.64,,,http://boxofficemojo.com/movies/?id=spykids4.htm
Sucker Punch,Legendary Pictures,23,48,Quest,Action,3033,6284,36.39,53.4,89.79,82,109.50%,19.06,,,http://boxofficemojo.com/movies/?id=suckerpunch.htm
Super 8 ,Paramount,82,78,Monster Force,Horror,3379,10492,127,132.71,259.71,50,519.43%,35.45,,,http://boxofficemojo.com/movies/?id=super8.htm
Take Me Home Tonight,Relativity,28,46,Discovery,Comedy,2003,1730,6.93,,6.93,25,27.71%,3.46,,,http://goforamovie.com/tag/take-me-home-tonight-budget/
Take Shelter,Independent,92,85,Sacrifice,Drama,,,1.57,?,1.57,5,31.46%,0.05,,,http://boxofficemojo.com/movies/?id=takeshelter.htm
The Adjustment Bureau,Independent,72,67,Sacrifice,Thriller,2840,7450,62.5,65.37,127.87,50.2,254.72%,21.16,,,http://boxofficemojo.com/movies/?id=adjustmentbureau.htm
The Adventures of Tintin,Paramount,74,78,Quest,Adventure,3087,3149,77.24,296.4,373.64,130,287.42%,9.72,,,http://boxofficemojo.com/movies/?id=tintin.htm
The Artist,Weinstein Company,97,91,,Drama,662,3583,40.45,65.29,105.74,16,660.88%,2.37,"Picture, Actor, Director",,http://boxofficemojo.com/movies/?id=artist.htm
The Beaver,Summit Entertainment,62,57,Transformation,Drama,22,4890,0.97,5.4,6.37,21,30.33%,0.11,,,http://boxofficemojo.com/movies/?id=beaver.htm
The Big Year,Independent,38,62,Transformation,Comedy,2150,1513,7.17,0.24,7.41,41,18.07%,3.25,,,http://boxofficemojo.com/movies/?id=bigyear.htm
The Change Up,Relativity Media,24,53,Metamorphosis,Comedy,2913,4645,37.08,33.75,70.83,52,136.22%,13.53,,,http://boxofficemojo.com/movies/?id=changeup.htm
The Company Men,Weinstein Company,66,55,Discovery,Drama,106,6111,4.4,0.4,4.8,15,32.00%,0.64,,,http://boxofficemojo.com/movies/?id=companymen.htm
The Conspirator,Independent,56,65,Underdog,Drama,707,4960,11.54,2.67,14.21,25,56.84%,3.51,,,http://boxofficemojo.com/movies/?id=conspirator.htm
The Debt,Universal,76,70,Pursuit,Thriller,1826,5427,31.18,14.25,45.43,20,227.15%,9.91,,,http://boxofficemojo.com/movies/?id=debt.htm
The Descendants,20th Century Fox,89,88,Discovery,Drama,876,5000,81.45,86.2,167.65,20,838.25%,4.38,,,http://www.timryansreelhawaii.com/?p=2387
The Dilemma,Spyglass Entertainment,23,31,Comedy,Comedy,2940,6060,48.5,21.2,69.7,70,99.57%,17.8,,,http://boxofficemojo.com/movies/?id=howardvaughnjames.htm
The Eagle,Universal,39,43,Quest,Action,2296,3782,19.49,7.63,27.12,25,108.48%,8.68,,,http://boxofficemojo.com/movies/?id=eagleoftheninth.htm
The Girl With The Dragon Tattoo,Sony,87,89,,Thriller,2914,4382,102.06,127.13,229.19,90,254.66%,12.76,,,http://boxofficemojo.com/movies/?id=girldragontattoo11.htm
The Green Hornet,Columbia,44,47,Rivalry,Action,3584,9335,98.8,129,227.8,120,189.83%,33.5,,,http://boxofficemojo.com/movies/?id=greenhornet.htm
The Hangover Part II,Legendary Pictures,35,58,Comedy,Comedy,3615,23775,254.46,327,581.46,80,726.83%,85.95,,,http://boxofficemojo.com/movies/?id=hangover2.htm
The Help,DreamWorks Pictures,75,91,Maturation,Drama,2534,10278,169.22,37.02,206.24,25,824.98%,26.04,supporting actress,,http://boxofficemojo.com/movies/?id=help2011.htm
The Ides of March,Columbia,85,76,Transformation,Thriller,2199,4761,40.49,13.7,54.19,12.5,433.55%,10.47,,,http://latimesblogs.latimes.com/entertainmentnewsbuzz/2011/10/movie-projector-real-steel-ides-of-march.html
The Iron Lady,Weinstein Company,53,54,,Drama,802,6749,27.94,53.47,81.41,13,626.23%,5.41,,,http://boxofficemojo.com/movies/?id=ironlady.htm
The Lincoln Lawyer,Lionsgate,84,82,Fish Out Of Water,Drama,2707,4879,58.01,17,75.01,40,187.52%,13.21,,,http://boxofficemojo.com/movies/?id=lincolnlawyer.htm
The Mechanic,Independent,53,52,Revenge,Action,2703,4226,29.2,22,51.2,40,128.00%,11.4,,,http://boxofficemojo.com/movies/?id=mechanic.htm
The Muppets,Disney,97,87,Quest,Comedy,3440,8500,88.54,69.8,158.34,45,351.87%,29.24,,,http://boxofficemojo.com/movies/?id=themuppets.htm
The Rite,Warner Bros,20,43,Monster Force,Horror,2985,4955,33,63,96,37,259.46%,14.8,,,http://boxofficemojo.com/movies/?id=rite.htm 
The Roommate,Independent,4,29,Monster Force,Horror,2534,5921,37.3,3.19,40.49,16,253.08%,15,,,http://boxofficemojo.com/movies/?id=roommate10.htm
The Rum Diary,Independent,50,48,Discovery,Drama,2273,2259,13.07,8.48,21.55,45,47.89%,5.14,,,http://boxofficemojo.com/movies/?id=rumdiary.htm
The Sitter,Fox,22,43,,Comedy,2750,2582,30.44,4.14,34.58,25,138.32%,9.85,,,http://boxofficemojo.com/movies/?id=sitter.htm
The Smurfs,Sony Pictures Animation,23,50,Fish Out Of Water,Animation,3395,10489,142.61,419.54,562.16,110,511.05%,35.61,,,http://boxofficemojo.com/movies/?id=smurfs.htm
The Son Of No One,Independent,18,61,Discovery,Thriller,10,1802,0.03,?,0.03,15,0.20%,0.02,,,http://en.wikipedia.org/wiki/The_Son_of_No_One
The Thing,Universal,36,52,Monster Force,Horror,2996,2835,16.93,10.5,27.43,38,72.18%,8.49,,,http://boxofficemojo.com/movies/?id=thing11.htm
The Three Musketeers,Independent,24,48,Rivalry,Action,3017,2875,20.25,111.9,132.15,75,176.20%,8.67,,,http://boxofficemojo.com/movies/?id=threemusketeers11.htm
The Tree Of Life,Independent,84,61,Discovery,Drama,4,93230,13.3,41,54.3,32,169.70%,0.37,,,http://boxofficemojo.com/movies/?id=treeoflife.htm
Thor,Disney,77,80,Monster Force,Action,3955,16618,181.03,267.48,448.51,150,299.01%,65.72,,,http://boxofficemojo.com/movies/?id=thor.htm
Tinker Tailor Soldier Spy,Focus,83,68,,Thriller,809,6772,23.91,53.84,77.75,21,370.24%,5.47,,,http://boxofficemojo.com/movies/?id=tinkertailorsoldierspy.htm
Tower Heist,Relativity,68,61,Revenge,Comedy,3367,7135,78.04,86.5,164.54,75,219.39%,24.03,,,http://boxofficemojo.com/movies/?id=towerheist.htm
Transformers: Dark of the Moon,DreamWorks Pictures,35,67,Quest,Action,4088,23937,352.39,770.81,"1,123.20",195,576.00%,97.85,,,http://boxofficemojo.com/movies/?id=transformers3.htm
Trespass,Independent,11,24,Escape,Thriller,,,0.02,3.1,3.12,35,8.93%,0.02,,,http://en.wikipedia.org/wiki/Trespass_%282011_film%29
Twilight: Breaking Dawn,Independent,26,68,Love,Romance,4061,34012,281.17,421,702.17,110,638.34%,138.12,,,http://boxofficemojo.com/movies/?id=breakingdawn.htm
Unknown,Independent,55,57,The Riddle,Thriller,3043,7183,63.69,67.1,130.79,30,435.95%,21.86,,,http://boxofficemojo.com/movies/?id=unknownwhitemale11.htm
Vanishing on 7th Street,Independent,52,62,Monster Force,Horror,,,0.02,1.05,1.07,10,10.67%,0,,,http://en.wikipedia.org/wiki/Vanishing_on_7th_Street
Waiting For Forever,Independent,6,53,Love,Romance,3,2972,0.03,,0.03,5,0.50%,0.01,,,http://boxofficemojo.com/movies/?id=waitingforforever.htm
War Horse,Disney,77,73,,Drama,2376,6114,79.04,88.5,167.54,66,253.85%,14.52,,,http://boxofficemojo.com/movies/?id=warhorse.htm
Warrior,Lionsgate,83,93,Rivalry,Action,1869,2805,13.66,9.4,23.06,25,92.23%,5.24,,,http://boxofficemojo.com/movies/?id=warrior10.htm
Water For Elephants,20th Century Fox,60,72,Love,Drama,2817,5979,58.71,58.39,117.09,38,308.14%,16.84,,,http://boxofficemojo.com/movies/?id=waterforelephants.htm
We Bought a Zoo,Fox,63,79,,Comedy,3117,3003,74.48,26.7,101.18,50,202.36%,9.36,,,http://boxofficemojo.com/movies/?id=weboughtazoo.htm
What's Your Number,20th Century Fox,24,50,Transformation,Comedy,3002,1806,14.01,16.42,30.43,20,152.13%,5.42,,,http://boxofficemojo.com/movies/?id=whatsyournumber.htm
Winnie The Pooh,Disney,91,79,Quest,Animation,2405,3267,26.69,6.46,33.15,30,110.51%,7.86,,,http://boxofficemojo.com/movies/?id=winniethepooh.htm
X-Men: First Class,Disney,87,88,Monster Force,Action,3641,15134,146.41,207.22,353.62,160,221.01%,55.1,,,http://boxofficemojo.com/movies/?id=xmenfirstclass.htm
Your Highness,Universal,26,36,Comedy,Comedy,2769,3380,21.6,3.26,24.86,49.9,49.81%,9.36,,,http://boxofficemojo.com/movies/?id=yourhighness.htm
Zookeeper,Happy Madison Productions,14,42,Comedy,Comedy,3482,5763,80.36,89.94,170.3,80,212.88%,20.07,,,http://boxofficemojo.com/movies/?id=zookeeper.htm
